,Eur
1,0.084
2,0.084
3,0.084
4,0.084
5,0.084
6,0.084
7,0.084
8,0.127
9,0.127
10,0.224
11,0.224
12,0.224
13,0.224
14,0.127
15,0.127
16,0.127
17,0.127
18,0.224
19,0.224
20,0.224
21,0.224
22,0.127
23,0.127
24,0.084
25,0.084
26,0.084
27,0.084
28,0.084
29,0.084
30,0.084
31,0.127
32,0.127
33,0.224
34,0.224
35,0.224
36,0.224
37,0.127
38,0.127
39,0.127
40,0.127
41,0.224
42,0.224
43,0.224
44,0.224
45,0.127
46,0.127
47,0.084
48,0.084
49,0.084
50,0.084
51,0.084
52,0.084
53,0.084
54,0.127
55,0.127
56,0.224
57,0.224
58,0.224
59,0.224
60,0.127
61,0.127
62,0.127
63,0.127
64,0.224
65,0.224
66,0.224
67,0.224
68,0.127
69,0.127
70,0.084
71,0.084
72,0.084
73,0.084
74,0.084
75,0.084
76,0.084
77,0.127
78,0.127
79,0.224
80,0.224
81,0.224
82,0.224
83,0.127
84,0.127
85,0.127
86,0.127
87,0.224
88,0.224
89,0.224
90,0.224
91,0.127
92,0.127
93,0.084
94,0.084
95,0.084
96,0.084
97,0.084
98,0.084
99,0.084
100,0.127
101,0.127
102,0.224
103,0.224
104,0.224
105,0.224
106,0.127
107,0.127
108,0.127
109,0.127
110,0.224
111,0.224
112,0.224
113,0.224
114,0.127
115,0.127
116,0.084
117,0.084
118,0.084
119,0.084
120,0.084
121,0.084
122,0.084
123,0.084
124,0.084
125,0.084
126,0.084
127,0.084
128,0.084
129,0.084
130,0.084
131,0.084
132,0.084
133,0.084
134,0.084
135,0.084
136,0.084
137,0.084
138,0.084
139,0.084
140,0.084
141,0.084
142,0.084
143,0.084
144,0.084
145,0.084
146,0.084
147,0.084
148,0.084
149,0.084
150,0.084
151,0.084
152,0.084
153,0.084
154,0.084
155,0.084
156,0.084
157,0.084
158,0.084
159,0.084
160,0.084
161,0.084
162,0.084
163,0.084
164,0.084
165,0.084
166,0.084
167,0.084
168,0.084
169,0.084
170,0.084
171,0.084
172,0.084
173,0.084
174,0.084
175,0.127
176,0.127
177,0.224
178,0.224
179,0.224
180,0.224
181,0.127
182,0.127
183,0.127
184,0.127
185,0.224
186,0.224
187,0.224
188,0.224
189,0.127
190,0.127
191,0.084
192,0.084
193,0.084
194,0.084
195,0.084
196,0.084
197,0.084
198,0.127
199,0.127
200,0.224
201,0.224
202,0.224
203,0.224
204,0.127
205,0.127
206,0.127
207,0.127
208,0.224
209,0.224
210,0.224
211,0.224
212,0.127
213,0.127
214,0.084
215,0.084
216,0.084
217,0.084
218,0.084
219,0.084
220,0.084
221,0.127
222,0.127
223,0.224
224,0.224
225,0.224
226,0.224
227,0.127
228,0.127
229,0.127
230,0.127
231,0.224
232,0.224
233,0.224
234,0.224
235,0.127
236,0.127
237,0.084
238,0.084
239,0.084
240,0.084
241,0.084
242,0.084
243,0.084
244,0.127
245,0.127
246,0.224
247,0.224
248,0.224
249,0.224
250,0.127
251,0.127
252,0.127
253,0.127
254,0.224
255,0.224
256,0.224
257,0.224
258,0.127
259,0.127
260,0.084
261,0.084
262,0.084
263,0.084
264,0.084
265,0.084
266,0.084
267,0.127
268,0.127
269,0.224
270,0.224
271,0.224
272,0.224
273,0.127
274,0.127
275,0.127
276,0.127
277,0.224
278,0.224
279,0.224
280,0.224
281,0.127
282,0.127
283,0.084
284,0.084
285,0.084
286,0.084
287,0.084
288,0.084
289,0.084
290,0.084
291,0.084
292,0.084
293,0.084
294,0.084
295,0.084
296,0.084
297,0.084
298,0.084
299,0.084
300,0.084
301,0.084
302,0.084
303,0.084
304,0.084
305,0.084
306,0.084
307,0.084
308,0.084
309,0.084
310,0.084
311,0.084
312,0.084
313,0.084
314,0.084
315,0.084
316,0.084
317,0.084
318,0.084
319,0.084
320,0.084
321,0.084
322,0.084
323,0.084
324,0.084
325,0.084
326,0.084
327,0.084
328,0.084
329,0.084
330,0.084
331,0.084
332,0.084
333,0.084
334,0.084
335,0.084
336,0.084
337,0.084
338,0.084
339,0.084
340,0.084
341,0.084
342,0.127
343,0.127
344,0.224
345,0.224
346,0.224
347,0.224
348,0.127
349,0.127
350,0.127
351,0.127
352,0.224
353,0.224
354,0.224
355,0.224
356,0.127
357,0.127
358,0.084
359,0.084
360,0.084
361,0.084
362,0.084
363,0.084
364,0.084
365,0.127
366,0.127
367,0.224
368,0.224
369,0.224
370,0.224
371,0.127
372,0.127
373,0.127
374,0.127
375,0.224
376,0.224
377,0.224
378,0.224
379,0.127
380,0.127
381,0.084
382,0.084
383,0.084
384,0.084
385,0.084
386,0.084
387,0.084
388,0.127
389,0.127
390,0.224
391,0.224
392,0.224
393,0.224
394,0.127
395,0.127
396,0.127
397,0.127
398,0.224
399,0.224
400,0.224
401,0.224
402,0.127
403,0.127
404,0.084
405,0.084
406,0.084
407,0.084
408,0.084
409,0.084
410,0.084
411,0.127
412,0.127
413,0.224
414,0.224
415,0.224
416,0.224
417,0.127
418,0.127
419,0.127
420,0.127
421,0.224
422,0.224
423,0.224
424,0.224
425,0.127
426,0.127
427,0.084
428,0.084
429,0.084
430,0.084
431,0.084
432,0.084
433,0.084
434,0.127
435,0.127
436,0.224
437,0.224
438,0.224
439,0.224
440,0.127
441,0.127
442,0.127
443,0.127
444,0.224
445,0.224
446,0.224
447,0.224
448,0.127
449,0.127
450,0.084
451,0.084
452,0.084
453,0.084
454,0.084
455,0.084
456,0.084
457,0.084
458,0.084
459,0.084
460,0.084
461,0.084
462,0.084
463,0.084
464,0.084
465,0.084
466,0.084
467,0.084
468,0.084
469,0.084
470,0.084
471,0.084
472,0.084
473,0.084
474,0.084
475,0.084
476,0.084
477,0.084
478,0.084
479,0.084
480,0.084
481,0.084
482,0.084
483,0.084
484,0.084
485,0.084
486,0.084
487,0.084
488,0.084
489,0.084
490,0.084
491,0.084
492,0.084
493,0.084
494,0.084
495,0.084
496,0.084
497,0.084
498,0.084
499,0.084
500,0.084
501,0.084
502,0.084
503,0.084
504,0.084
505,0.084
506,0.084
507,0.084
508,0.084
509,0.127
510,0.127
511,0.224
512,0.224
513,0.224
514,0.224
515,0.127
516,0.127
517,0.127
518,0.127
519,0.224
520,0.224
521,0.224
522,0.224
523,0.127
524,0.127
525,0.084
526,0.084
527,0.084
528,0.084
529,0.084
530,0.084
531,0.084
532,0.127
533,0.127
534,0.224
535,0.224
536,0.224
537,0.224
538,0.127
539,0.127
540,0.127
541,0.127
542,0.224
543,0.224
544,0.224
545,0.224
546,0.127
547,0.127
548,0.084
549,0.084
550,0.084
551,0.084
552,0.084
553,0.084
554,0.084
555,0.127
556,0.127
557,0.224
558,0.224
559,0.224
560,0.224
561,0.127
562,0.127
563,0.127
564,0.127
565,0.224
566,0.224
567,0.224
568,0.224
569,0.127
570,0.127
571,0.084
572,0.084
573,0.084
574,0.084
575,0.084
576,0.084
577,0.084
578,0.127
579,0.127
580,0.224
581,0.224
582,0.224
583,0.224
584,0.127
585,0.127
586,0.127
587,0.127
588,0.224
589,0.224
590,0.224
591,0.224
592,0.127
593,0.127
594,0.084
595,0.084
596,0.084
597,0.084
598,0.084
599,0.084
600,0.084
601,0.127
602,0.127
603,0.224
604,0.224
605,0.224
606,0.224
607,0.127
608,0.127
609,0.127
610,0.127
611,0.224
612,0.224
613,0.224
614,0.224
615,0.127
616,0.127
617,0.084
618,0.084
619,0.084
620,0.084
621,0.084
622,0.084
623,0.084
624,0.084
625,0.084
626,0.084
627,0.084
628,0.084
629,0.084
630,0.084
631,0.084
632,0.084
633,0.084
634,0.084
635,0.084
636,0.084
637,0.084
638,0.084
639,0.084
640,0.084
641,0.084
642,0.084
643,0.084
644,0.084
645,0.084
646,0.084
647,0.084
648,0.084
649,0.084
650,0.084
651,0.084
652,0.084
653,0.084
654,0.084
655,0.084
656,0.084
657,0.084
658,0.084
659,0.084
660,0.084
661,0.084
662,0.084
663,0.084
664,0.084
665,0.084
666,0.084
667,0.084
668,0.084
669,0.084
670,0.084
671,0.084
672,0.084
673,0.084
674,0.084
675,0.084
676,0.127
677,0.127
678,0.224
679,0.224
680,0.224
681,0.224
682,0.127
683,0.127
684,0.127
685,0.127
686,0.224
687,0.224
688,0.224
689,0.224
690,0.127
691,0.127
692,0.084
693,0.084
694,0.084
695,0.084
696,0.084
697,0.084
698,0.084
699,0.127
700,0.127
701,0.224
702,0.224
703,0.224
704,0.224
705,0.127
706,0.127
707,0.127
708,0.127
709,0.224
710,0.224
711,0.224
712,0.224
713,0.127
714,0.127
715,0.084
716,0.084
717,0.084
718,0.084
719,0.084
720,0.084
721,0.084
722,0.127
723,0.127
724,0.224
725,0.224
726,0.224
727,0.224
728,0.127
729,0.127
730,0.127
731,0.127
732,0.224
733,0.224
734,0.224
735,0.224
736,0.127
737,0.127
738,0.084
739,0.084
740,0.084
741,0.084
742,0.084
743,0.084
744,0.084
745,0.127
746,0.127
747,0.224
748,0.224
749,0.224
750,0.224
751,0.127
752,0.127
753,0.127
754,0.127
755,0.224
756,0.224
757,0.224
758,0.224
759,0.127
760,0.127
761,0.084
762,0.084
763,0.084
764,0.084
765,0.084
766,0.084
767,0.084
768,0.127
769,0.127
770,0.224
771,0.224
772,0.224
773,0.224
774,0.127
775,0.127
776,0.127
777,0.127
778,0.224
779,0.224
780,0.224
781,0.224
782,0.127
783,0.127
784,0.084
785,0.084
786,0.084
787,0.084
788,0.084
789,0.084
790,0.084
791,0.084
792,0.084
793,0.084
794,0.084
795,0.084
796,0.084
797,0.084
798,0.084
799,0.084
800,0.084
801,0.084
802,0.084
803,0.084
804,0.084
805,0.084
806,0.084
807,0.084
808,0.084
809,0.084
810,0.084
811,0.084
812,0.084
813,0.084
814,0.084
815,0.084
816,0.084
817,0.084
818,0.084
819,0.084
820,0.084
821,0.084
822,0.084
823,0.084
824,0.084
825,0.084
826,0.084
827,0.084
828,0.084
829,0.084
830,0.084
831,0.084
832,0.084
833,0.084
834,0.084
835,0.084
836,0.084
837,0.084
838,0.084
839,0.084
840,0.084
841,0.084
842,0.084
843,0.127
844,0.127
845,0.224
846,0.224
847,0.224
848,0.224
849,0.127
850,0.127
851,0.127
852,0.127
853,0.224
854,0.224
855,0.224
856,0.224
857,0.127
858,0.127
859,0.084
860,0.084
861,0.084
862,0.084
863,0.084
864,0.084
865,0.084
866,0.127
867,0.127
868,0.224
869,0.224
870,0.224
871,0.224
872,0.127
873,0.127
874,0.127
875,0.127
876,0.224
877,0.224
878,0.224
879,0.224
880,0.127
881,0.127
882,0.084
883,0.084
884,0.084
885,0.084
886,0.084
887,0.084
888,0.084
889,0.127
890,0.127
891,0.224
892,0.224
893,0.224
894,0.224
895,0.127
896,0.127
897,0.127
898,0.127
899,0.224
900,0.224
901,0.224
902,0.224
903,0.127
904,0.127
905,0.084
906,0.084
907,0.084
908,0.084
909,0.084
910,0.084
911,0.084
912,0.127
913,0.127
914,0.224
915,0.224
916,0.224
917,0.224
918,0.127
919,0.127
920,0.127
921,0.127
922,0.224
923,0.224
924,0.224
925,0.224
926,0.127
927,0.127
928,0.084
929,0.084
930,0.084
931,0.084
932,0.084
933,0.084
934,0.084
935,0.127
936,0.127
937,0.224
938,0.224
939,0.224
940,0.224
941,0.127
942,0.127
943,0.127
944,0.127
945,0.224
946,0.224
947,0.224
948,0.224
949,0.127
950,0.127
951,0.084
952,0.084
953,0.084
954,0.084
955,0.084
956,0.084
957,0.084
958,0.084
959,0.084
960,0.084
961,0.084
962,0.084
963,0.084
964,0.084
965,0.084
966,0.084
967,0.084
968,0.084
969,0.084
970,0.084
971,0.084
972,0.084
973,0.084
974,0.084
975,0.084
976,0.084
977,0.084
978,0.084
979,0.084
980,0.084
981,0.084
982,0.084
983,0.084
984,0.084
985,0.084
986,0.084
987,0.084
988,0.084
989,0.084
990,0.084
991,0.084
992,0.084
993,0.084
994,0.084
995,0.084
996,0.084
997,0.084
998,0.084
999,0.084
1000,0.084
1001,0.084
1002,0.084
1003,0.084
1004,0.084
1005,0.084
1006,0.084
1007,0.084
1008,0.084
1009,0.084
1010,0.127
1011,0.127
1012,0.224
1013,0.224
1014,0.224
1015,0.224
1016,0.127
1017,0.127
1018,0.127
1019,0.127
1020,0.224
1021,0.224
1022,0.224
1023,0.224
1024,0.127
1025,0.127
1026,0.084
1027,0.084
1028,0.084
1029,0.084
1030,0.084
1031,0.084
1032,0.084
1033,0.127
1034,0.127
1035,0.224
1036,0.224
1037,0.224
1038,0.224
1039,0.127
1040,0.127
1041,0.127
1042,0.127
1043,0.224
1044,0.224
1045,0.224
1046,0.224
1047,0.127
1048,0.127
1049,0.084
1050,0.084
1051,0.084
1052,0.084
1053,0.084
1054,0.084
1055,0.084
1056,0.127
1057,0.127
1058,0.224
1059,0.224
1060,0.224
1061,0.224
1062,0.127
1063,0.127
1064,0.127
1065,0.127
1066,0.224
1067,0.224
1068,0.224
1069,0.224
1070,0.127
1071,0.127
1072,0.084
1073,0.084
1074,0.084
1075,0.084
1076,0.084
1077,0.084
1078,0.084
1079,0.127
1080,0.127
1081,0.224
1082,0.224
1083,0.224
1084,0.224
1085,0.127
1086,0.127
1087,0.127
1088,0.127
1089,0.224
1090,0.224
1091,0.224
1092,0.224
1093,0.127
1094,0.127
1095,0.084
1096,0.084
1097,0.084
1098,0.084
1099,0.084
1100,0.084
1101,0.084
1102,0.127
1103,0.127
1104,0.224
1105,0.224
1106,0.224
1107,0.224
1108,0.127
1109,0.127
1110,0.127
1111,0.127
1112,0.224
1113,0.224
1114,0.224
1115,0.224
1116,0.127
1117,0.127
1118,0.084
1119,0.084
1120,0.084
1121,0.084
1122,0.084
1123,0.084
1124,0.084
1125,0.084
1126,0.084
1127,0.084
1128,0.084
1129,0.084
1130,0.084
1131,0.084
1132,0.084
1133,0.084
1134,0.084
1135,0.084
1136,0.084
1137,0.084
1138,0.084
1139,0.084
1140,0.084
1141,0.084
1142,0.084
1143,0.084
1144,0.084
1145,0.084
1146,0.084
1147,0.084
1148,0.084
1149,0.084
1150,0.084
1151,0.084
1152,0.084
1153,0.084
1154,0.084
1155,0.084
1156,0.084
1157,0.084
1158,0.084
1159,0.084
1160,0.084
1161,0.084
1162,0.084
1163,0.084
1164,0.084
1165,0.084
1166,0.084
1167,0.084
1168,0.084
1169,0.084
1170,0.084
1171,0.084
1172,0.084
1173,0.084
1174,0.084
1175,0.084
1176,0.084
1177,0.127
1178,0.127
1179,0.224
1180,0.224
1181,0.224
1182,0.224
1183,0.127
1184,0.127
1185,0.127
1186,0.127
1187,0.224
1188,0.224
1189,0.224
1190,0.224
1191,0.127
1192,0.127
1193,0.084
1194,0.084
1195,0.084
1196,0.084
1197,0.084
1198,0.084
1199,0.084
1200,0.127
1201,0.127
1202,0.224
1203,0.224
1204,0.224
1205,0.224
1206,0.127
1207,0.127
1208,0.127
1209,0.127
1210,0.224
1211,0.224
1212,0.224
1213,0.224
1214,0.127
1215,0.127
1216,0.084
1217,0.084
1218,0.084
1219,0.084
1220,0.084
1221,0.084
1222,0.084
1223,0.127
1224,0.127
1225,0.224
1226,0.224
1227,0.224
1228,0.224
1229,0.127
1230,0.127
1231,0.127
1232,0.127
1233,0.224
1234,0.224
1235,0.224
1236,0.224
1237,0.127
1238,0.127
1239,0.084
1240,0.084
1241,0.084
1242,0.084
1243,0.084
1244,0.084
1245,0.084
1246,0.127
1247,0.127
1248,0.224
1249,0.224
1250,0.224
1251,0.224
1252,0.127
1253,0.127
1254,0.127
1255,0.127
1256,0.224
1257,0.224
1258,0.224
1259,0.224
1260,0.127
1261,0.127
1262,0.084
1263,0.084
1264,0.084
1265,0.084
1266,0.084
1267,0.084
1268,0.084
1269,0.127
1270,0.127
1271,0.224
1272,0.224
1273,0.224
1274,0.224
1275,0.127
1276,0.127
1277,0.127
1278,0.127
1279,0.224
1280,0.224
1281,0.224
1282,0.224
1283,0.127
1284,0.127
1285,0.084
1286,0.084
1287,0.084
1288,0.084
1289,0.084
1290,0.084
1291,0.084
1292,0.084
1293,0.084
1294,0.084
1295,0.084
1296,0.084
1297,0.084
1298,0.084
1299,0.084
1300,0.084
1301,0.084
1302,0.084
1303,0.084
1304,0.084
1305,0.084
1306,0.084
1307,0.084
1308,0.084
1309,0.084
1310,0.084
1311,0.084
1312,0.084
1313,0.084
1314,0.084
1315,0.084
1316,0.084
1317,0.084
1318,0.084
1319,0.084
1320,0.084
1321,0.084
1322,0.084
1323,0.084
1324,0.084
1325,0.084
1326,0.084
1327,0.084
1328,0.084
1329,0.084
1330,0.084
1331,0.084
1332,0.084
1333,0.084
1334,0.084
1335,0.084
1336,0.084
1337,0.084
1338,0.084
1339,0.084
1340,0.084
1341,0.084
1342,0.084
1343,0.084
1344,0.127
1345,0.127
1346,0.224
1347,0.224
1348,0.224
1349,0.224
1350,0.127
1351,0.127
1352,0.127
1353,0.127
1354,0.224
1355,0.224
1356,0.224
1357,0.224
1358,0.127
1359,0.127
1360,0.084
1361,0.084
1362,0.084
1363,0.084
1364,0.084
1365,0.084
1366,0.084
1367,0.127
1368,0.127
1369,0.224
1370,0.224
1371,0.224
1372,0.224
1373,0.127
1374,0.127
1375,0.127
1376,0.127
1377,0.224
1378,0.224
1379,0.224
1380,0.224
1381,0.127
1382,0.127
1383,0.084
1384,0.084
1385,0.084
1386,0.084
1387,0.084
1388,0.084
1389,0.084
1390,0.127
1391,0.127
1392,0.224
1393,0.224
1394,0.224
1395,0.224
1396,0.127
1397,0.127
1398,0.127
1399,0.127
1400,0.224
1401,0.224
1402,0.224
1403,0.224
1404,0.127
1405,0.127
1406,0.084
1407,0.084
1408,0.084
1409,0.084
1410,0.084
1411,0.084
1412,0.084
1413,0.127
1414,0.127
1415,0.224
1416,0.224
1417,0.224
1418,0.224
1419,0.127
1420,0.127
1421,0.127
1422,0.127
1423,0.224
1424,0.224
1425,0.224
1426,0.224
1427,0.127
1428,0.127
1429,0.084
1430,0.084
1431,0.084
1432,0.084
1433,0.084
1434,0.084
1435,0.084
1436,0.127
1437,0.127
1438,0.224
1439,0.224
1440,0.224
1441,0.224
1442,0.127
1443,0.127
1444,0.127
1445,0.127
1446,0.224
1447,0.224
1448,0.224
1449,0.224
1450,0.127
1451,0.127
1452,0.084
1453,0.084
1454,0.084
1455,0.084
1456,0.084
1457,0.084
1458,0.084
1459,0.084
1460,0.084
1461,0.084
1462,0.084
1463,0.084
1464,0.084
1465,0.084
1466,0.084
1467,0.084
1468,0.084
1469,0.084
1470,0.084
1471,0.084
1472,0.084
1473,0.084
1474,0.084
1475,0.084
1476,0.084
1477,0.084
1478,0.084
1479,0.084
1480,0.084
1481,0.084
1482,0.084
1483,0.084
1484,0.084
1485,0.084
1486,0.084
1487,0.084
1488,0.084
1489,0.084
1490,0.084
1491,0.084
1492,0.084
1493,0.084
1494,0.084
1495,0.084
1496,0.084
1497,0.084
1498,0.084
1499,0.084
1500,0.084
1501,0.084
1502,0.084
1503,0.084
1504,0.084
1505,0.084
1506,0.084
1507,0.084
1508,0.084
1509,0.084
1510,0.084
1511,0.127
1512,0.127
1513,0.224
1514,0.224
1515,0.224
1516,0.224
1517,0.127
1518,0.127
1519,0.127
1520,0.127
1521,0.224
1522,0.224
1523,0.224
1524,0.224
1525,0.127
1526,0.127
1527,0.084
1528,0.084
1529,0.084
1530,0.084
1531,0.084
1532,0.084
1533,0.084
1534,0.127
1535,0.127
1536,0.224
1537,0.224
1538,0.224
1539,0.224
1540,0.127
1541,0.127
1542,0.127
1543,0.127
1544,0.224
1545,0.224
1546,0.224
1547,0.224
1548,0.127
1549,0.127
1550,0.084
1551,0.084
1552,0.084
1553,0.084
1554,0.084
1555,0.084
1556,0.084
1557,0.127
1558,0.127
1559,0.224
1560,0.224
1561,0.224
1562,0.224
1563,0.127
1564,0.127
1565,0.127
1566,0.127
1567,0.224
1568,0.224
1569,0.224
1570,0.224
1571,0.127
1572,0.127
1573,0.084
1574,0.084
1575,0.084
1576,0.084
1577,0.084
1578,0.084
1579,0.084
1580,0.127
1581,0.127
1582,0.224
1583,0.224
1584,0.224
1585,0.224
1586,0.127
1587,0.127
1588,0.127
1589,0.127
1590,0.224
1591,0.224
1592,0.224
1593,0.224
1594,0.127
1595,0.127
1596,0.084
1597,0.084
1598,0.084
1599,0.084
1600,0.084
1601,0.084
1602,0.084
1603,0.127
1604,0.127
1605,0.224
1606,0.224
1607,0.224
1608,0.224
1609,0.127
1610,0.127
1611,0.127
1612,0.127
1613,0.224
1614,0.224
1615,0.224
1616,0.224
1617,0.127
1618,0.127
1619,0.084
1620,0.084
1621,0.084
1622,0.084
1623,0.084
1624,0.084
1625,0.084
1626,0.084
1627,0.084
1628,0.084
1629,0.084
1630,0.084
1631,0.084
1632,0.084
1633,0.084
1634,0.084
1635,0.084
1636,0.084
1637,0.084
1638,0.084
1639,0.084
1640,0.084
1641,0.084
1642,0.084
1643,0.084
1644,0.084
1645,0.084
1646,0.084
1647,0.084
1648,0.084
1649,0.084
1650,0.084
1651,0.084
1652,0.084
1653,0.084
1654,0.084
1655,0.084
1656,0.084
1657,0.084
1658,0.084
1659,0.084
1660,0.084
1661,0.084
1662,0.084
1663,0.084
1664,0.084
1665,0.084
1666,0.084
1667,0.084
1668,0.084
1669,0.084
1670,0.084
1671,0.084
1672,0.084
1673,0.084
1674,0.084
1675,0.084
1676,0.084
1677,0.084
1678,0.127
1679,0.127
1680,0.224
1681,0.224
1682,0.224
1683,0.224
1684,0.127
1685,0.127
1686,0.127
1687,0.127
1688,0.224
1689,0.224
1690,0.224
1691,0.224
1692,0.127
1693,0.127
1694,0.084
1695,0.084
1696,0.084
1697,0.084
1698,0.084
1699,0.084
1700,0.084
1701,0.127
1702,0.127
1703,0.224
1704,0.224
1705,0.224
1706,0.224
1707,0.127
1708,0.127
1709,0.127
1710,0.127
1711,0.224
1712,0.224
1713,0.224
1714,0.224
1715,0.127
1716,0.127
1717,0.084
1718,0.084
1719,0.084
1720,0.084
1721,0.084
1722,0.084
1723,0.084
1724,0.127
1725,0.127
1726,0.224
1727,0.224
1728,0.224
1729,0.224
1730,0.127
1731,0.127
1732,0.127
1733,0.127
1734,0.224
1735,0.224
1736,0.224
1737,0.224
1738,0.127
1739,0.127
1740,0.084
1741,0.084
1742,0.084
1743,0.084
1744,0.084
1745,0.084
1746,0.084
1747,0.127
1748,0.127
1749,0.224
1750,0.224
1751,0.224
1752,0.224
1753,0.127
1754,0.127
1755,0.127
1756,0.127
1757,0.224
1758,0.224
1759,0.224
1760,0.224
1761,0.127
1762,0.127
1763,0.084
1764,0.084
1765,0.084
1766,0.084
1767,0.084
1768,0.084
1769,0.084
1770,0.127
1771,0.127
1772,0.224
1773,0.224
1774,0.224
1775,0.224
1776,0.127
1777,0.127
1778,0.127
1779,0.127
1780,0.224
1781,0.224
1782,0.224
1783,0.224
1784,0.127
1785,0.127
1786,0.084
1787,0.084
1788,0.084
1789,0.084
1790,0.084
1791,0.084
1792,0.084
1793,0.084
1794,0.084
1795,0.084
1796,0.084
1797,0.084
1798,0.084
1799,0.084
1800,0.084
1801,0.084
1802,0.084
1803,0.084
1804,0.084
1805,0.084
1806,0.084
1807,0.084
1808,0.084
1809,0.084
1810,0.084
1811,0.084
1812,0.084
1813,0.084
1814,0.084
1815,0.084
1816,0.084
1817,0.084
1818,0.084
1819,0.084
1820,0.084
1821,0.084
1822,0.084
1823,0.084
1824,0.084
1825,0.084
1826,0.084
1827,0.084
1828,0.084
1829,0.084
1830,0.084
1831,0.084
1832,0.084
1833,0.084
1834,0.084
1835,0.084
1836,0.084
1837,0.084
1838,0.084
1839,0.084
1840,0.084
1841,0.084
1842,0.084
1843,0.084
1844,0.084
1845,0.127
1846,0.127
1847,0.224
1848,0.224
1849,0.224
1850,0.224
1851,0.127
1852,0.127
1853,0.127
1854,0.127
1855,0.224
1856,0.224
1857,0.224
1858,0.224
1859,0.127
1860,0.127
1861,0.084
1862,0.084
1863,0.084
1864,0.084
1865,0.084
1866,0.084
1867,0.084
1868,0.127
1869,0.127
1870,0.224
1871,0.224
1872,0.224
1873,0.224
1874,0.127
1875,0.127
1876,0.127
1877,0.127
1878,0.224
1879,0.224
1880,0.224
1881,0.224
1882,0.127
1883,0.127
1884,0.084
1885,0.084
1886,0.084
1887,0.084
1888,0.084
1889,0.084
1890,0.084
1891,0.127
1892,0.127
1893,0.224
1894,0.224
1895,0.224
1896,0.224
1897,0.127
1898,0.127
1899,0.127
1900,0.127
1901,0.224
1902,0.224
1903,0.224
1904,0.224
1905,0.127
1906,0.127
1907,0.084
1908,0.084
1909,0.084
1910,0.084
1911,0.084
1912,0.084
1913,0.084
1914,0.127
1915,0.127
1916,0.224
1917,0.224
1918,0.224
1919,0.224
1920,0.127
1921,0.127
1922,0.127
1923,0.127
1924,0.224
1925,0.224
1926,0.224
1927,0.224
1928,0.127
1929,0.127
1930,0.084
1931,0.084
1932,0.084
1933,0.084
1934,0.084
1935,0.084
1936,0.084
1937,0.127
1938,0.127
1939,0.224
1940,0.224
1941,0.224
1942,0.224
1943,0.127
1944,0.127
1945,0.127
1946,0.127
1947,0.224
1948,0.224
1949,0.224
1950,0.224
1951,0.127
1952,0.127
1953,0.084
1954,0.084
1955,0.084
1956,0.084
1957,0.084
1958,0.084
1959,0.084
1960,0.084
1961,0.084
1962,0.084
1963,0.084
1964,0.084
1965,0.084
1966,0.084
1967,0.084
1968,0.084
1969,0.084
1970,0.084
1971,0.084
1972,0.084
1973,0.084
1974,0.084
1975,0.084
1976,0.084
1977,0.084
1978,0.084
1979,0.084
1980,0.084
1981,0.084
1982,0.084
1983,0.084
1984,0.084
1985,0.084
1986,0.084
1987,0.084
1988,0.084
1989,0.084
1990,0.084
1991,0.084
1992,0.084
1993,0.084
1994,0.084
1995,0.084
1996,0.084
1997,0.084
1998,0.084
1999,0.084
2000,0.084
2001,0.084
2002,0.084
2003,0.084
2004,0.084
2005,0.084
2006,0.084
2007,0.084
2008,0.084
2009,0.084
2010,0.084
2011,0.084
2012,0.127
2013,0.127
2014,0.224
2015,0.224
2016,0.224
2017,0.224
2018,0.127
2019,0.127
2020,0.127
2021,0.127
2022,0.224
2023,0.224
2024,0.224
2025,0.224
2026,0.127
2027,0.127
2028,0.084
2029,0.084
2030,0.084
2031,0.084
2032,0.084
2033,0.084
2034,0.084
2035,0.127
2036,0.127
2037,0.224
2038,0.224
2039,0.224
2040,0.224
2041,0.127
2042,0.127
2043,0.127
2044,0.127
2045,0.224
2046,0.224
2047,0.224
2048,0.224
2049,0.127
2050,0.127
2051,0.084
2052,0.084
2053,0.084
2054,0.084
2055,0.084
2056,0.084
2057,0.084
2058,0.127
2059,0.127
2060,0.224
2061,0.224
2062,0.224
2063,0.224
2064,0.127
2065,0.127
2066,0.127
2067,0.127
2068,0.224
2069,0.224
2070,0.224
2071,0.224
2072,0.127
2073,0.127
2074,0.084
2075,0.084
2076,0.084
2077,0.084
2078,0.084
2079,0.084
2080,0.084
2081,0.127
2082,0.127
2083,0.224
2084,0.224
2085,0.224
2086,0.224
2087,0.127
2088,0.127
2089,0.127
2090,0.127
2091,0.224
2092,0.224
2093,0.224
2094,0.224
2095,0.127
2096,0.127
2097,0.084
2098,0.084
2099,0.084
2100,0.084
2101,0.084
2102,0.084
2103,0.084
2104,0.127
2105,0.127
2106,0.224
2107,0.224
2108,0.224
2109,0.224
2110,0.127
2111,0.127
2112,0.127
2113,0.127
2114,0.224
2115,0.224
2116,0.224
2117,0.224
2118,0.127
2119,0.127
2120,0.084
2121,0.084
2122,0.084
2123,0.084
2124,0.084
2125,0.084
2126,0.084
2127,0.084
2128,0.084
2129,0.084
2130,0.084
2131,0.084
2132,0.084
2133,0.084
2134,0.084
2135,0.084
2136,0.084
2137,0.084
2138,0.084
2139,0.084
2140,0.084
2141,0.084
2142,0.084
2143,0.084
2144,0.084
2145,0.084
2146,0.084
2147,0.084
2148,0.084
2149,0.084
2150,0.084
2151,0.084
2152,0.084
2153,0.084
2154,0.084
2155,0.084
2156,0.084
2157,0.084
2158,0.084
2159,0.084
2160,0.084
2161,0.084
2162,0.084
2163,0.084
2164,0.084
2165,0.084
2166,0.084
2167,0.084
2168,0.084
2169,0.084
2170,0.084
2171,0.084
2172,0.084
2173,0.084
2174,0.084
2175,0.084
2176,0.084
2177,0.084
2178,0.084
2179,0.127
2180,0.127
2181,0.224
2182,0.224
2183,0.224
2184,0.224
2185,0.127
2186,0.127
2187,0.127
2188,0.127
2189,0.224
2190,0.224
2191,0.224
2192,0.224
2193,0.127
2194,0.127
2195,0.084
2196,0.084
2197,0.084
2198,0.084
2199,0.084
2200,0.084
2201,0.084
2202,0.127
2203,0.127
2204,0.224
2205,0.224
2206,0.224
2207,0.224
2208,0.127
2209,0.127
2210,0.127
2211,0.127
2212,0.224
2213,0.224
2214,0.224
2215,0.224
2216,0.127
2217,0.127
2218,0.084
2219,0.084
2220,0.084
2221,0.084
2222,0.084
2223,0.084
2224,0.084
2225,0.127
2226,0.127
2227,0.224
2228,0.224
2229,0.224
2230,0.224
2231,0.127
2232,0.127
2233,0.127
2234,0.127
2235,0.224
2236,0.224
2237,0.224
2238,0.224
2239,0.127
2240,0.127
2241,0.084
2242,0.084
2243,0.084
2244,0.084
2245,0.084
2246,0.084
2247,0.084
2248,0.127
2249,0.127
2250,0.224
2251,0.224
2252,0.224
2253,0.224
2254,0.127
2255,0.127
2256,0.127
2257,0.127
2258,0.224
2259,0.224
2260,0.224
2261,0.224
2262,0.127
2263,0.127
2264,0.084
2265,0.084
2266,0.084
2267,0.084
2268,0.084
2269,0.084
2270,0.084
2271,0.127
2272,0.127
2273,0.224
2274,0.224
2275,0.224
2276,0.224
2277,0.127
2278,0.127
2279,0.127
2280,0.127
2281,0.224
2282,0.224
2283,0.224
2284,0.224
2285,0.127
2286,0.127
2287,0.084
2288,0.084
2289,0.084
2290,0.084
2291,0.084
2292,0.084
2293,0.084
2294,0.084
2295,0.084
2296,0.084
2297,0.084
2298,0.084
2299,0.084
2300,0.084
2301,0.084
2302,0.084
2303,0.084
2304,0.084
2305,0.084
2306,0.084
2307,0.084
2308,0.084
2309,0.084
2310,0.084
2311,0.084
2312,0.084
2313,0.084
2314,0.084
2315,0.084
2316,0.084
2317,0.084
2318,0.084
2319,0.084
2320,0.084
2321,0.084
2322,0.084
2323,0.084
2324,0.084
2325,0.084
2326,0.084
2327,0.084
2328,0.084
2329,0.084
2330,0.084
2331,0.084
2332,0.084
2333,0.084
2334,0.084
2335,0.084
2336,0.084
2337,0.084
2338,0.084
2339,0.084
2340,0.084
2341,0.084
2342,0.084
2343,0.084
2344,0.084
2345,0.084
2346,0.127
2347,0.127
2348,0.224
2349,0.224
2350,0.224
2351,0.224
2352,0.127
2353,0.127
2354,0.127
2355,0.127
2356,0.224
2357,0.224
2358,0.224
2359,0.224
2360,0.127
2361,0.127
2362,0.084
2363,0.084
2364,0.084
2365,0.084
2366,0.084
2367,0.084
2368,0.084
2369,0.127
2370,0.127
2371,0.224
2372,0.224
2373,0.224
2374,0.224
2375,0.127
2376,0.127
2377,0.127
2378,0.127
2379,0.224
2380,0.224
2381,0.224
2382,0.224
2383,0.127
2384,0.127
2385,0.084
2386,0.084
2387,0.084
2388,0.084
2389,0.084
2390,0.084
2391,0.084
2392,0.127
2393,0.127
2394,0.224
2395,0.224
2396,0.224
2397,0.224
2398,0.127
2399,0.127
2400,0.127
2401,0.127
2402,0.224
2403,0.224
2404,0.224
2405,0.224
2406,0.127
2407,0.127
2408,0.084
2409,0.084
2410,0.084
2411,0.084
2412,0.084
2413,0.084
2414,0.084
2415,0.127
2416,0.127
2417,0.224
2418,0.224
2419,0.224
2420,0.224
2421,0.127
2422,0.127
2423,0.127
2424,0.127
2425,0.224
2426,0.224
2427,0.224
2428,0.224
2429,0.127
2430,0.127
2431,0.084
2432,0.084
2433,0.084
2434,0.084
2435,0.084
2436,0.084
2437,0.084
2438,0.127
2439,0.127
2440,0.224
2441,0.224
2442,0.224
2443,0.224
2444,0.127
2445,0.127
2446,0.127
2447,0.127
2448,0.224
2449,0.224
2450,0.224
2451,0.224
2452,0.127
2453,0.127
2454,0.084
2455,0.084
2456,0.084
2457,0.084
2458,0.084
2459,0.084
2460,0.084
2461,0.084
2462,0.084
2463,0.084
2464,0.084
2465,0.084
2466,0.084
2467,0.084
2468,0.084
2469,0.084
2470,0.084
2471,0.084
2472,0.084
2473,0.084
2474,0.084
2475,0.084
2476,0.084
2477,0.084
2478,0.084
2479,0.084
2480,0.084
2481,0.084
2482,0.084
2483,0.084
2484,0.084
2485,0.084
2486,0.084
2487,0.084
2488,0.084
2489,0.084
2490,0.084
2491,0.084
2492,0.084
2493,0.084
2494,0.084
2495,0.084
2496,0.084
2497,0.084
2498,0.084
2499,0.084
2500,0.084
2501,0.084
2502,0.084
2503,0.084
2504,0.084
2505,0.084
2506,0.084
2507,0.084
2508,0.084
2509,0.084
2510,0.084
2511,0.084
2512,0.084
2513,0.127
2514,0.127
2515,0.224
2516,0.224
2517,0.224
2518,0.224
2519,0.127
2520,0.127
2521,0.127
2522,0.127
2523,0.224
2524,0.224
2525,0.224
2526,0.224
2527,0.127
2528,0.127
2529,0.084
2530,0.084
2531,0.084
2532,0.084
2533,0.084
2534,0.084
2535,0.084
2536,0.127
2537,0.127
2538,0.224
2539,0.224
2540,0.224
2541,0.224
2542,0.127
2543,0.127
2544,0.127
2545,0.127
2546,0.224
2547,0.224
2548,0.224
2549,0.224
2550,0.127
2551,0.127
2552,0.084
2553,0.084
2554,0.084
2555,0.084
2556,0.084
2557,0.084
2558,0.084
2559,0.127
2560,0.127
2561,0.224
2562,0.224
2563,0.224
2564,0.224
2565,0.127
2566,0.127
2567,0.127
2568,0.127
2569,0.224
2570,0.224
2571,0.224
2572,0.224
2573,0.127
2574,0.127
2575,0.084
2576,0.084
2577,0.084
2578,0.084
2579,0.084
2580,0.084
2581,0.084
2582,0.127
2583,0.127
2584,0.224
2585,0.224
2586,0.224
2587,0.224
2588,0.127
2589,0.127
2590,0.127
2591,0.127
2592,0.224
2593,0.224
2594,0.224
2595,0.224
2596,0.127
2597,0.127
2598,0.084
2599,0.084
2600,0.084
2601,0.084
2602,0.084
2603,0.084
2604,0.084
2605,0.127
2606,0.127
2607,0.224
2608,0.224
2609,0.224
2610,0.224
2611,0.127
2612,0.127
2613,0.127
2614,0.127
2615,0.224
2616,0.224
2617,0.224
2618,0.224
2619,0.127
2620,0.127
2621,0.084
2622,0.084
2623,0.084
2624,0.084
2625,0.084
2626,0.084
2627,0.084
2628,0.084
2629,0.084
2630,0.084
2631,0.084
2632,0.084
2633,0.084
2634,0.084
2635,0.084
2636,0.084
2637,0.084
2638,0.084
2639,0.084
2640,0.084
2641,0.084
2642,0.084
2643,0.084
2644,0.084
2645,0.084
2646,0.084
2647,0.084
2648,0.084
2649,0.084
2650,0.084
2651,0.084
2652,0.084
2653,0.084
2654,0.084
2655,0.084
2656,0.084
2657,0.084
2658,0.084
2659,0.084
2660,0.084
2661,0.084
2662,0.084
2663,0.084
2664,0.084
2665,0.084
2666,0.084
2667,0.084
2668,0.084
2669,0.084
2670,0.084
2671,0.084
2672,0.084
2673,0.084
2674,0.084
2675,0.084
2676,0.084
2677,0.084
2678,0.084
2679,0.084
2680,0.127
2681,0.127
2682,0.224
2683,0.224
2684,0.224
2685,0.224
2686,0.127
2687,0.127
2688,0.127
2689,0.127
2690,0.224
2691,0.224
2692,0.224
2693,0.224
2694,0.127
2695,0.127
2696,0.084
2697,0.084
2698,0.084
2699,0.084
2700,0.084
2701,0.084
2702,0.084
2703,0.127
2704,0.127
2705,0.224
2706,0.224
2707,0.224
2708,0.224
2709,0.127
2710,0.127
2711,0.127
2712,0.127
2713,0.224
2714,0.224
2715,0.224
2716,0.224
2717,0.127
2718,0.127
2719,0.084
2720,0.084
2721,0.084
2722,0.084
2723,0.084
2724,0.084
2725,0.084
2726,0.127
2727,0.127
2728,0.224
2729,0.224
2730,0.224
2731,0.224
2732,0.127
2733,0.127
2734,0.127
2735,0.127
2736,0.224
2737,0.224
2738,0.224
2739,0.224
2740,0.127
2741,0.127
2742,0.084
2743,0.084
2744,0.084
2745,0.084
2746,0.084
2747,0.084
2748,0.084
2749,0.127
2750,0.127
2751,0.224
2752,0.224
2753,0.224
2754,0.224
2755,0.127
2756,0.127
2757,0.127
2758,0.127
2759,0.224
2760,0.224
2761,0.224
2762,0.224
2763,0.127
2764,0.127
2765,0.084
2766,0.084
2767,0.084
2768,0.084
2769,0.084
2770,0.084
2771,0.084
2772,0.127
2773,0.127
2774,0.224
2775,0.224
2776,0.224
2777,0.224
2778,0.127
2779,0.127
2780,0.127
2781,0.127
2782,0.224
2783,0.224
2784,0.224
2785,0.224
2786,0.127
2787,0.127
2788,0.084
2789,0.084
2790,0.084
2791,0.084
2792,0.084
2793,0.084
2794,0.084
2795,0.084
2796,0.084
2797,0.084
2798,0.084
2799,0.084
2800,0.084
2801,0.084
2802,0.084
2803,0.084
2804,0.084
2805,0.084
2806,0.084
2807,0.084
2808,0.084
2809,0.084
2810,0.084
2811,0.084
2812,0.084
2813,0.084
2814,0.084
2815,0.084
2816,0.084
2817,0.084
2818,0.084
2819,0.084
2820,0.084
2821,0.084
2822,0.084
2823,0.084
2824,0.084
2825,0.084
2826,0.084
2827,0.084
2828,0.084
2829,0.084
2830,0.084
2831,0.084
2832,0.084
2833,0.084
2834,0.084
2835,0.084
2836,0.084
2837,0.084
2838,0.084
2839,0.084
2840,0.084
2841,0.084
2842,0.084
2843,0.084
2844,0.084
2845,0.084
2846,0.084
2847,0.127
2848,0.127
2849,0.224
2850,0.224
2851,0.224
2852,0.224
2853,0.127
2854,0.127
2855,0.127
2856,0.127
2857,0.224
2858,0.224
2859,0.224
2860,0.224
2861,0.127
2862,0.127
2863,0.084
2864,0.084
2865,0.084
2866,0.084
2867,0.084
2868,0.084
2869,0.084
2870,0.127
2871,0.127
2872,0.224
2873,0.224
2874,0.224
2875,0.224
2876,0.127
2877,0.127
2878,0.127
2879,0.127
2880,0.224
2881,0.224
2882,0.224
2883,0.224
2884,0.127
2885,0.127
2886,0.084
2887,0.084
2888,0.084
2889,0.084
2890,0.084
2891,0.084
2892,0.084
2893,0.127
2894,0.127
2895,0.224
2896,0.224
2897,0.224
2898,0.224
2899,0.127
2900,0.127
2901,0.127
2902,0.127
2903,0.224
2904,0.224
2905,0.224
2906,0.224
2907,0.127
2908,0.127
2909,0.084
2910,0.084
2911,0.084
2912,0.084
2913,0.084
2914,0.084
2915,0.084
2916,0.127
2917,0.127
2918,0.224
2919,0.224
2920,0.224
2921,0.224
2922,0.127
2923,0.127
2924,0.127
2925,0.127
2926,0.224
2927,0.224
2928,0.224
2929,0.224
2930,0.127
2931,0.127
2932,0.084
2933,0.084
2934,0.084
2935,0.084
2936,0.084
2937,0.084
2938,0.084
2939,0.127
2940,0.127
2941,0.224
2942,0.224
2943,0.224
2944,0.224
2945,0.127
2946,0.127
2947,0.127
2948,0.127
2949,0.224
2950,0.224
2951,0.224
2952,0.224
2953,0.127
2954,0.127
2955,0.084
2956,0.084
2957,0.084
2958,0.084
2959,0.084
2960,0.084
2961,0.084
2962,0.084
2963,0.084
2964,0.084
2965,0.084
2966,0.084
2967,0.084
2968,0.084
2969,0.084
2970,0.084
2971,0.084
2972,0.084
2973,0.084
2974,0.084
2975,0.084
2976,0.084
2977,0.084
2978,0.084
2979,0.084
2980,0.084
2981,0.084
2982,0.084
2983,0.084
2984,0.084
2985,0.084
2986,0.084
2987,0.084
2988,0.084
2989,0.084
2990,0.084
2991,0.084
2992,0.084
2993,0.084
2994,0.084
2995,0.084
2996,0.084
2997,0.084
2998,0.084
2999,0.084
3000,0.084
3001,0.084
3002,0.084
3003,0.084
3004,0.084
3005,0.084
3006,0.084
3007,0.084
3008,0.084
3009,0.084
3010,0.084
3011,0.084
3012,0.084
3013,0.084
3014,0.127
3015,0.127
3016,0.224
3017,0.224
3018,0.224
3019,0.224
3020,0.127
3021,0.127
3022,0.127
3023,0.127
3024,0.224
3025,0.224
3026,0.224
3027,0.224
3028,0.127
3029,0.127
3030,0.084
3031,0.084
3032,0.084
3033,0.084
3034,0.084
3035,0.084
3036,0.084
3037,0.127
3038,0.127
3039,0.224
3040,0.224
3041,0.224
3042,0.224
3043,0.127
3044,0.127
3045,0.127
3046,0.127
3047,0.224
3048,0.224
3049,0.224
3050,0.224
3051,0.127
3052,0.127
3053,0.084
3054,0.084
3055,0.084
3056,0.084
3057,0.084
3058,0.084
3059,0.084
3060,0.127
3061,0.127
3062,0.224
3063,0.224
3064,0.224
3065,0.224
3066,0.127
3067,0.127
3068,0.127
3069,0.127
3070,0.224
3071,0.224
3072,0.224
3073,0.224
3074,0.127
3075,0.127
3076,0.084
3077,0.084
3078,0.084
3079,0.084
3080,0.084
3081,0.084
3082,0.084
3083,0.127
3084,0.127
3085,0.224
3086,0.224
3087,0.224
3088,0.224
3089,0.127
3090,0.127
3091,0.127
3092,0.127
3093,0.224
3094,0.224
3095,0.224
3096,0.224
3097,0.127
3098,0.127
3099,0.084
3100,0.084
3101,0.084
3102,0.084
3103,0.084
3104,0.084
3105,0.084
3106,0.127
3107,0.127
3108,0.224
3109,0.224
3110,0.224
3111,0.224
3112,0.127
3113,0.127
3114,0.127
3115,0.127
3116,0.224
3117,0.224
3118,0.224
3119,0.224
3120,0.127
3121,0.127
3122,0.084
3123,0.084
3124,0.084
3125,0.084
3126,0.084
3127,0.084
3128,0.084
3129,0.084
3130,0.084
3131,0.084
3132,0.084
3133,0.084
3134,0.084
3135,0.084
3136,0.084
3137,0.084
3138,0.084
3139,0.084
3140,0.084
3141,0.084
3142,0.084
3143,0.084
3144,0.084
3145,0.084
3146,0.084
3147,0.084
3148,0.084
3149,0.084
3150,0.084
3151,0.084
3152,0.084
3153,0.084
3154,0.084
3155,0.084
3156,0.084
3157,0.084
3158,0.084
3159,0.084
3160,0.084
3161,0.084
3162,0.084
3163,0.084
3164,0.084
3165,0.084
3166,0.084
3167,0.084
3168,0.084
3169,0.084
3170,0.084
3171,0.084
3172,0.084
3173,0.084
3174,0.084
3175,0.084
3176,0.084
3177,0.084
3178,0.084
3179,0.084
3180,0.084
3181,0.127
3182,0.127
3183,0.224
3184,0.224
3185,0.224
3186,0.224
3187,0.127
3188,0.127
3189,0.127
3190,0.127
3191,0.224
3192,0.224
3193,0.224
3194,0.224
3195,0.127
3196,0.127
3197,0.084
3198,0.084
3199,0.084
3200,0.084
3201,0.084
3202,0.084
3203,0.084
3204,0.127
3205,0.127
3206,0.224
3207,0.224
3208,0.224
3209,0.224
3210,0.127
3211,0.127
3212,0.127
3213,0.127
3214,0.224
3215,0.224
3216,0.224
3217,0.224
3218,0.127
3219,0.127
3220,0.084
3221,0.084
3222,0.084
3223,0.084
3224,0.084
3225,0.084
3226,0.084
3227,0.127
3228,0.127
3229,0.224
3230,0.224
3231,0.224
3232,0.224
3233,0.127
3234,0.127
3235,0.127
3236,0.127
3237,0.224
3238,0.224
3239,0.224
3240,0.224
3241,0.127
3242,0.127
3243,0.084
3244,0.084
3245,0.084
3246,0.084
3247,0.084
3248,0.084
3249,0.084
3250,0.127
3251,0.127
3252,0.224
3253,0.224
3254,0.224
3255,0.224
3256,0.127
3257,0.127
3258,0.127
3259,0.127
3260,0.224
3261,0.224
3262,0.224
3263,0.224
3264,0.127
3265,0.127
3266,0.084
3267,0.084
3268,0.084
3269,0.084
3270,0.084
3271,0.084
3272,0.084
3273,0.127
3274,0.127
3275,0.224
3276,0.224
3277,0.224
3278,0.224
3279,0.127
3280,0.127
3281,0.127
3282,0.127
3283,0.224
3284,0.224
3285,0.224
3286,0.224
3287,0.127
3288,0.127
3289,0.084
3290,0.084
3291,0.084
3292,0.084
3293,0.084
3294,0.084
3295,0.084
3296,0.084
3297,0.084
3298,0.084
3299,0.084
3300,0.084
3301,0.084
3302,0.084
3303,0.084
3304,0.084
3305,0.084
3306,0.084
3307,0.084
3308,0.084
3309,0.084
3310,0.084
3311,0.084
3312,0.084
3313,0.084
3314,0.084
3315,0.084
3316,0.084
3317,0.084
3318,0.084
3319,0.084
3320,0.084
3321,0.084
3322,0.084
3323,0.084
3324,0.084
3325,0.084
3326,0.084
3327,0.084
3328,0.084
3329,0.084
3330,0.084
3331,0.084
3332,0.084
3333,0.084
3334,0.084
3335,0.084
3336,0.084
3337,0.084
3338,0.084
3339,0.084
3340,0.084
3341,0.084
3342,0.084
3343,0.084
3344,0.084
3345,0.084
3346,0.084
3347,0.084
3348,0.127
3349,0.127
3350,0.224
3351,0.224
3352,0.224
3353,0.224
3354,0.127
3355,0.127
3356,0.127
3357,0.127
3358,0.224
3359,0.224
3360,0.224
3361,0.224
3362,0.127
3363,0.127
3364,0.084
3365,0.084
3366,0.084
3367,0.084
3368,0.084
3369,0.084
3370,0.084
3371,0.127
3372,0.127
3373,0.224
3374,0.224
3375,0.224
3376,0.224
3377,0.127
3378,0.127
3379,0.127
3380,0.127
3381,0.224
3382,0.224
3383,0.224
3384,0.224
3385,0.127
3386,0.127
3387,0.084
3388,0.084
3389,0.084
3390,0.084
3391,0.084
3392,0.084
3393,0.084
3394,0.127
3395,0.127
3396,0.224
3397,0.224
3398,0.224
3399,0.224
3400,0.127
3401,0.127
3402,0.127
3403,0.127
3404,0.224
3405,0.224
3406,0.224
3407,0.224
3408,0.127
3409,0.127
3410,0.084
3411,0.084
3412,0.084
3413,0.084
3414,0.084
3415,0.084
3416,0.084
3417,0.127
3418,0.127
3419,0.224
3420,0.224
3421,0.224
3422,0.224
3423,0.127
3424,0.127
3425,0.127
3426,0.127
3427,0.224
3428,0.224
3429,0.224
3430,0.224
3431,0.127
3432,0.127
3433,0.084
3434,0.084
3435,0.084
3436,0.084
3437,0.084
3438,0.084
3439,0.084
3440,0.127
3441,0.127
3442,0.224
3443,0.224
3444,0.224
3445,0.224
3446,0.127
3447,0.127
3448,0.127
3449,0.127
3450,0.224
3451,0.224
3452,0.224
3453,0.224
3454,0.127
3455,0.127
3456,0.084
3457,0.084
3458,0.084
3459,0.084
3460,0.084
3461,0.084
3462,0.084
3463,0.084
3464,0.084
3465,0.084
3466,0.084
3467,0.084
3468,0.084
3469,0.084
3470,0.084
3471,0.084
3472,0.084
3473,0.084
3474,0.084
3475,0.084
3476,0.084
3477,0.084
3478,0.084
3479,0.084
3480,0.084
3481,0.084
3482,0.084
3483,0.084
3484,0.084
3485,0.084
3486,0.084
3487,0.084
3488,0.084
3489,0.084
3490,0.084
3491,0.084
3492,0.084
3493,0.084
3494,0.084
3495,0.084
3496,0.084
3497,0.084
3498,0.084
3499,0.084
3500,0.084
3501,0.084
3502,0.084
3503,0.084
3504,0.084
3505,0.084
3506,0.084
3507,0.084
3508,0.084
3509,0.084
3510,0.084
3511,0.084
3512,0.084
3513,0.084
3514,0.084
3515,0.127
3516,0.127
3517,0.224
3518,0.224
3519,0.224
3520,0.224
3521,0.127
3522,0.127
3523,0.127
3524,0.127
3525,0.224
3526,0.224
3527,0.224
3528,0.224
3529,0.127
3530,0.127
3531,0.084
3532,0.084
3533,0.084
3534,0.084
3535,0.084
3536,0.084
3537,0.084
3538,0.127
3539,0.127
3540,0.224
3541,0.224
3542,0.224
3543,0.224
3544,0.127
3545,0.127
3546,0.127
3547,0.127
3548,0.224
3549,0.224
3550,0.224
3551,0.224
3552,0.127
3553,0.127
3554,0.084
3555,0.084
3556,0.084
3557,0.084
3558,0.084
3559,0.084
3560,0.084
3561,0.127
3562,0.127
3563,0.224
3564,0.224
3565,0.224
3566,0.224
3567,0.127
3568,0.127
3569,0.127
3570,0.127
3571,0.224
3572,0.224
3573,0.224
3574,0.224
3575,0.127
3576,0.127
3577,0.084
3578,0.084
3579,0.084
3580,0.084
3581,0.084
3582,0.084
3583,0.084
3584,0.127
3585,0.127
3586,0.224
3587,0.224
3588,0.224
3589,0.224
3590,0.127
3591,0.127
3592,0.127
3593,0.127
3594,0.224
3595,0.224
3596,0.224
3597,0.224
3598,0.127
3599,0.127
3600,0.084
3601,0.084
3602,0.084
3603,0.084
3604,0.084
3605,0.084
3606,0.084
3607,0.127
3608,0.127
3609,0.224
3610,0.224
3611,0.224
3612,0.224
3613,0.127
3614,0.127
3615,0.127
3616,0.127
3617,0.224
3618,0.224
3619,0.224
3620,0.224
3621,0.127
3622,0.127
3623,0.084
3624,0.084
3625,0.084
3626,0.084
3627,0.084
3628,0.084
3629,0.084
3630,0.084
3631,0.084
3632,0.084
3633,0.084
3634,0.084
3635,0.084
3636,0.084
3637,0.084
3638,0.084
3639,0.084
3640,0.084
3641,0.084
3642,0.084
3643,0.084
3644,0.084
3645,0.084
3646,0.084
3647,0.084
3648,0.084
3649,0.084
3650,0.084
3651,0.084
3652,0.084
3653,0.084
3654,0.084
3655,0.084
3656,0.084
3657,0.084
3658,0.084
3659,0.084
3660,0.084
3661,0.084
3662,0.084
3663,0.084
3664,0.084
3665,0.084
3666,0.084
3667,0.084
3668,0.084
3669,0.084
3670,0.084
3671,0.084
3672,0.084
3673,0.084
3674,0.084
3675,0.084
3676,0.084
3677,0.084
3678,0.084
3679,0.084
3680,0.084
3681,0.084
3682,0.127
3683,0.127
3684,0.224
3685,0.224
3686,0.224
3687,0.224
3688,0.127
3689,0.127
3690,0.127
3691,0.127
3692,0.224
3693,0.224
3694,0.224
3695,0.224
3696,0.127
3697,0.127
3698,0.084
3699,0.084
3700,0.084
3701,0.084
3702,0.084
3703,0.084
3704,0.084
3705,0.127
3706,0.127
3707,0.224
3708,0.224
3709,0.224
3710,0.224
3711,0.127
3712,0.127
3713,0.127
3714,0.127
3715,0.224
3716,0.224
3717,0.224
3718,0.224
3719,0.127
3720,0.127
3721,0.084
3722,0.084
3723,0.084
3724,0.084
3725,0.084
3726,0.084
3727,0.084
3728,0.127
3729,0.127
3730,0.224
3731,0.224
3732,0.224
3733,0.224
3734,0.127
3735,0.127
3736,0.127
3737,0.127
3738,0.224
3739,0.224
3740,0.224
3741,0.224
3742,0.127
3743,0.127
3744,0.084
3745,0.084
3746,0.084
3747,0.084
3748,0.084
3749,0.084
3750,0.084
3751,0.127
3752,0.127
3753,0.224
3754,0.224
3755,0.224
3756,0.224
3757,0.127
3758,0.127
3759,0.127
3760,0.127
3761,0.224
3762,0.224
3763,0.224
3764,0.224
3765,0.127
3766,0.127
3767,0.084
3768,0.084
3769,0.084
3770,0.084
3771,0.084
3772,0.084
3773,0.084
3774,0.127
3775,0.127
3776,0.224
3777,0.224
3778,0.224
3779,0.224
3780,0.127
3781,0.127
3782,0.127
3783,0.127
3784,0.224
3785,0.224
3786,0.224
3787,0.224
3788,0.127
3789,0.127
3790,0.084
3791,0.084
3792,0.084
3793,0.084
3794,0.084
3795,0.084
3796,0.084
3797,0.084
3798,0.084
3799,0.084
3800,0.084
3801,0.084
3802,0.084
3803,0.084
3804,0.084
3805,0.084
3806,0.084
3807,0.084
3808,0.084
3809,0.084
3810,0.084
3811,0.084
3812,0.084
3813,0.084
3814,0.084
3815,0.084
3816,0.084
3817,0.084
3818,0.084
3819,0.084
3820,0.084
3821,0.084
3822,0.084
3823,0.084
3824,0.084
3825,0.084
3826,0.084
3827,0.084
3828,0.084
3829,0.084
3830,0.084
3831,0.084
3832,0.084
3833,0.084
3834,0.084
3835,0.084
3836,0.084
3837,0.084
3838,0.084
3839,0.084
3840,0.084
3841,0.084
3842,0.084
3843,0.084
3844,0.084
3845,0.084
3846,0.084
3847,0.084
3848,0.084
3849,0.127
3850,0.127
3851,0.224
3852,0.224
3853,0.224
3854,0.224
3855,0.127
3856,0.127
3857,0.127
3858,0.127
3859,0.224
3860,0.224
3861,0.224
3862,0.224
3863,0.127
3864,0.127
3865,0.084
3866,0.084
3867,0.084
3868,0.084
3869,0.084
3870,0.084
3871,0.084
3872,0.127
3873,0.127
3874,0.224
3875,0.224
3876,0.224
3877,0.224
3878,0.127
3879,0.127
3880,0.127
3881,0.127
3882,0.224
3883,0.224
3884,0.224
3885,0.224
3886,0.127
3887,0.127
3888,0.084
3889,0.084
3890,0.084
3891,0.084
3892,0.084
3893,0.084
3894,0.084
3895,0.127
3896,0.127
3897,0.224
3898,0.224
3899,0.224
3900,0.224
3901,0.127
3902,0.127
3903,0.127
3904,0.127
3905,0.224
3906,0.224
3907,0.224
3908,0.224
3909,0.127
3910,0.127
3911,0.084
3912,0.084
3913,0.084
3914,0.084
3915,0.084
3916,0.084
3917,0.084
3918,0.127
3919,0.127
3920,0.224
3921,0.224
3922,0.224
3923,0.224
3924,0.127
3925,0.127
3926,0.127
3927,0.127
3928,0.224
3929,0.224
3930,0.224
3931,0.224
3932,0.127
3933,0.127
3934,0.084
3935,0.084
3936,0.084
3937,0.084
3938,0.084
3939,0.084
3940,0.084
3941,0.127
3942,0.127
3943,0.224
3944,0.224
3945,0.224
3946,0.224
3947,0.127
3948,0.127
3949,0.127
3950,0.127
3951,0.224
3952,0.224
3953,0.224
3954,0.224
3955,0.127
3956,0.127
3957,0.084
3958,0.084
3959,0.084
3960,0.084
3961,0.084
3962,0.084
3963,0.084
3964,0.084
3965,0.084
3966,0.084
3967,0.084
3968,0.084
3969,0.084
3970,0.084
3971,0.084
3972,0.084
3973,0.084
3974,0.084
3975,0.084
3976,0.084
3977,0.084
3978,0.084
3979,0.084
3980,0.084
3981,0.084
3982,0.084
3983,0.084
3984,0.084
3985,0.084
3986,0.084
3987,0.084
3988,0.084
3989,0.084
3990,0.084
3991,0.084
3992,0.084
3993,0.084
3994,0.084
3995,0.084
3996,0.084
3997,0.084
3998,0.084
3999,0.084
4000,0.084
4001,0.084
4002,0.084
4003,0.084
4004,0.084
4005,0.084
4006,0.084
4007,0.084
4008,0.084
4009,0.084
4010,0.084
4011,0.084
4012,0.084
4013,0.084
4014,0.084
4015,0.084
4016,0.127
4017,0.127
4018,0.224
4019,0.224
4020,0.224
4021,0.224
4022,0.127
4023,0.127
4024,0.127
4025,0.127
4026,0.224
4027,0.224
4028,0.224
4029,0.224
4030,0.127
4031,0.127
4032,0.084
4033,0.084
4034,0.084
4035,0.084
4036,0.084
4037,0.084
4038,0.084
4039,0.127
4040,0.127
4041,0.224
4042,0.224
4043,0.224
4044,0.224
4045,0.127
4046,0.127
4047,0.127
4048,0.127
4049,0.224
4050,0.224
4051,0.224
4052,0.224
4053,0.127
4054,0.127
4055,0.084
4056,0.084
4057,0.084
4058,0.084
4059,0.084
4060,0.084
4061,0.084
4062,0.127
4063,0.127
4064,0.224
4065,0.224
4066,0.224
4067,0.224
4068,0.127
4069,0.127
4070,0.127
4071,0.127
4072,0.224
4073,0.224
4074,0.224
4075,0.224
4076,0.127
4077,0.127
4078,0.084
4079,0.084
4080,0.084
4081,0.084
4082,0.084
4083,0.084
4084,0.084
4085,0.127
4086,0.127
4087,0.224
4088,0.224
4089,0.224
4090,0.224
4091,0.127
4092,0.127
4093,0.127
4094,0.127
4095,0.224
4096,0.224
4097,0.224
4098,0.224
4099,0.127
4100,0.127
4101,0.084
4102,0.084
4103,0.084
4104,0.084
4105,0.084
4106,0.084
4107,0.084
4108,0.127
4109,0.127
4110,0.224
4111,0.224
4112,0.224
4113,0.224
4114,0.127
4115,0.127
4116,0.127
4117,0.127
4118,0.224
4119,0.224
4120,0.224
4121,0.224
4122,0.127
4123,0.127
4124,0.084
4125,0.084
4126,0.084
4127,0.084
4128,0.084
4129,0.084
4130,0.084
4131,0.084
4132,0.084
4133,0.084
4134,0.084
4135,0.084
4136,0.084
4137,0.084
4138,0.084
4139,0.084
4140,0.084
4141,0.084
4142,0.084
4143,0.084
4144,0.084
4145,0.084
4146,0.084
4147,0.084
4148,0.084
4149,0.084
4150,0.084
4151,0.084
4152,0.084
4153,0.084
4154,0.084
4155,0.084
4156,0.084
4157,0.084
4158,0.084
4159,0.084
4160,0.084
4161,0.084
4162,0.084
4163,0.084
4164,0.084
4165,0.084
4166,0.084
4167,0.084
4168,0.084
4169,0.084
4170,0.084
4171,0.084
4172,0.084
4173,0.084
4174,0.084
4175,0.084
4176,0.084
4177,0.084
4178,0.084
4179,0.084
4180,0.084
4181,0.084
4182,0.084
4183,0.127
4184,0.127
4185,0.224
4186,0.224
4187,0.224
4188,0.224
4189,0.127
4190,0.127
4191,0.127
4192,0.127
4193,0.224
4194,0.224
4195,0.224
4196,0.224
4197,0.127
4198,0.127
4199,0.084
4200,0.084
4201,0.084
4202,0.084
4203,0.084
4204,0.084
4205,0.084
4206,0.127
4207,0.127
4208,0.224
4209,0.224
4210,0.224
4211,0.224
4212,0.127
4213,0.127
4214,0.127
4215,0.127
4216,0.224
4217,0.224
4218,0.224
4219,0.224
4220,0.127
4221,0.127
4222,0.084
4223,0.084
4224,0.084
4225,0.084
4226,0.084
4227,0.084
4228,0.084
4229,0.127
4230,0.127
4231,0.224
4232,0.224
4233,0.224
4234,0.224
4235,0.127
4236,0.127
4237,0.127
4238,0.127
4239,0.224
4240,0.224
4241,0.224
4242,0.224
4243,0.127
4244,0.127
4245,0.084
4246,0.084
4247,0.084
4248,0.084
4249,0.084
4250,0.084
4251,0.084
4252,0.127
4253,0.127
4254,0.224
4255,0.224
4256,0.224
4257,0.224
4258,0.127
4259,0.127
4260,0.127
4261,0.127
4262,0.224
4263,0.224
4264,0.224
4265,0.224
4266,0.127
4267,0.127
4268,0.084
4269,0.084
4270,0.084
4271,0.084
4272,0.084
4273,0.084
4274,0.084
4275,0.127
4276,0.127
4277,0.224
4278,0.224
4279,0.224
4280,0.224
4281,0.127
4282,0.127
4283,0.127
4284,0.127
4285,0.224
4286,0.224
4287,0.224
4288,0.224
4289,0.127
4290,0.127
4291,0.084
4292,0.084
4293,0.084
4294,0.084
4295,0.084
4296,0.084
4297,0.084
4298,0.084
4299,0.084
4300,0.084
4301,0.084
4302,0.084
4303,0.084
4304,0.084
4305,0.084
4306,0.084
4307,0.084
4308,0.084
4309,0.084
4310,0.084
4311,0.084
4312,0.084
4313,0.084
4314,0.084
4315,0.084
4316,0.084
4317,0.084
4318,0.084
4319,0.084
4320,0.084
4321,0.084
4322,0.084
4323,0.084
4324,0.084
4325,0.084
4326,0.084
4327,0.084
4328,0.084
4329,0.084
4330,0.084
4331,0.084
4332,0.084
4333,0.084
4334,0.084
4335,0.084
4336,0.084
4337,0.084
4338,0.084
4339,0.084
4340,0.084
4341,0.084
4342,0.084
4343,0.084
4344,0.084
4345,0.084
4346,0.084
4347,0.084
4348,0.084
4349,0.084
4350,0.127
4351,0.127
4352,0.224
4353,0.224
4354,0.224
4355,0.224
4356,0.127
4357,0.127
4358,0.127
4359,0.127
4360,0.224
4361,0.224
4362,0.224
4363,0.224
4364,0.127
4365,0.127
4366,0.084
4367,0.084
4368,0.084
4369,0.084
4370,0.084
4371,0.084
4372,0.084
4373,0.127
4374,0.127
4375,0.224
4376,0.224
4377,0.224
4378,0.224
4379,0.127
4380,0.127
4381,0.127
4382,0.127
4383,0.224
4384,0.224
4385,0.224
4386,0.224
4387,0.127
4388,0.127
4389,0.084
4390,0.084
4391,0.084
4392,0.084
4393,0.084
4394,0.084
4395,0.084
4396,0.127
4397,0.127
4398,0.224
4399,0.224
4400,0.224
4401,0.224
4402,0.127
4403,0.127
4404,0.127
4405,0.127
4406,0.224
4407,0.224
4408,0.224
4409,0.224
4410,0.127
4411,0.127
4412,0.084
4413,0.084
4414,0.084
4415,0.084
4416,0.084
4417,0.084
4418,0.084
4419,0.127
4420,0.127
4421,0.224
4422,0.224
4423,0.224
4424,0.224
4425,0.127
4426,0.127
4427,0.127
4428,0.127
4429,0.224
4430,0.224
4431,0.224
4432,0.224
4433,0.127
4434,0.127
4435,0.084
4436,0.084
4437,0.084
4438,0.084
4439,0.084
4440,0.084
4441,0.084
4442,0.127
4443,0.127
4444,0.224
4445,0.224
4446,0.224
4447,0.224
4448,0.127
4449,0.127
4450,0.127
4451,0.127
4452,0.224
4453,0.224
4454,0.224
4455,0.224
4456,0.127
4457,0.127
4458,0.084
4459,0.084
4460,0.084
4461,0.084
4462,0.084
4463,0.084
4464,0.084
4465,0.084
4466,0.084
4467,0.084
4468,0.084
4469,0.084
4470,0.084
4471,0.084
4472,0.084
4473,0.084
4474,0.084
4475,0.084
4476,0.084
4477,0.084
4478,0.084
4479,0.084
4480,0.084
4481,0.084
4482,0.084
4483,0.084
4484,0.084
4485,0.084
4486,0.084
4487,0.084
4488,0.084
4489,0.084
4490,0.084
4491,0.084
4492,0.084
4493,0.084
4494,0.084
4495,0.084
4496,0.084
4497,0.084
4498,0.084
4499,0.084
4500,0.084
4501,0.084
4502,0.084
4503,0.084
4504,0.084
4505,0.084
4506,0.084
4507,0.084
4508,0.084
4509,0.084
4510,0.084
4511,0.084
4512,0.084
4513,0.084
4514,0.084
4515,0.084
4516,0.084
4517,0.127
4518,0.127
4519,0.224
4520,0.224
4521,0.224
4522,0.224
4523,0.127
4524,0.127
4525,0.127
4526,0.127
4527,0.224
4528,0.224
4529,0.224
4530,0.224
4531,0.127
4532,0.127
4533,0.084
4534,0.084
4535,0.084
4536,0.084
4537,0.084
4538,0.084
4539,0.084
4540,0.127
4541,0.127
4542,0.224
4543,0.224
4544,0.224
4545,0.224
4546,0.127
4547,0.127
4548,0.127
4549,0.127
4550,0.224
4551,0.224
4552,0.224
4553,0.224
4554,0.127
4555,0.127
4556,0.084
4557,0.084
4558,0.084
4559,0.084
4560,0.084
4561,0.084
4562,0.084
4563,0.127
4564,0.127
4565,0.224
4566,0.224
4567,0.224
4568,0.224
4569,0.127
4570,0.127
4571,0.127
4572,0.127
4573,0.224
4574,0.224
4575,0.224
4576,0.224
4577,0.127
4578,0.127
4579,0.084
4580,0.084
4581,0.084
4582,0.084
4583,0.084
4584,0.084
4585,0.084
4586,0.127
4587,0.127
4588,0.224
4589,0.224
4590,0.224
4591,0.224
4592,0.127
4593,0.127
4594,0.127
4595,0.127
4596,0.224
4597,0.224
4598,0.224
4599,0.224
4600,0.127
4601,0.127
4602,0.084
4603,0.084
4604,0.084
4605,0.084
4606,0.084
4607,0.084
4608,0.084
4609,0.127
4610,0.127
4611,0.224
4612,0.224
4613,0.224
4614,0.224
4615,0.127
4616,0.127
4617,0.127
4618,0.127
4619,0.224
4620,0.224
4621,0.224
4622,0.224
4623,0.127
4624,0.127
4625,0.084
4626,0.084
4627,0.084
4628,0.084
4629,0.084
4630,0.084
4631,0.084
4632,0.084
4633,0.084
4634,0.084
4635,0.084
4636,0.084
4637,0.084
4638,0.084
4639,0.084
4640,0.084
4641,0.084
4642,0.084
4643,0.084
4644,0.084
4645,0.084
4646,0.084
4647,0.084
4648,0.084
4649,0.084
4650,0.084
4651,0.084
4652,0.084
4653,0.084
4654,0.084
4655,0.084
4656,0.084
4657,0.084
4658,0.084
4659,0.084
4660,0.084
4661,0.084
4662,0.084
4663,0.084
4664,0.084
4665,0.084
4666,0.084
4667,0.084
4668,0.084
4669,0.084
4670,0.084
4671,0.084
4672,0.084
4673,0.084
4674,0.084
4675,0.084
4676,0.084
4677,0.084
4678,0.084
4679,0.084
4680,0.084
4681,0.084
4682,0.084
4683,0.084
4684,0.127
4685,0.127
4686,0.224
4687,0.224
4688,0.224
4689,0.224
4690,0.127
4691,0.127
4692,0.127
4693,0.127
4694,0.224
4695,0.224
4696,0.224
4697,0.224
4698,0.127
4699,0.127
4700,0.084
4701,0.084
4702,0.084
4703,0.084
4704,0.084
4705,0.084
4706,0.084
4707,0.127
4708,0.127
4709,0.224
4710,0.224
4711,0.224
4712,0.224
4713,0.127
4714,0.127
4715,0.127
4716,0.127
4717,0.224
4718,0.224
4719,0.224
4720,0.224
4721,0.127
4722,0.127
4723,0.084
4724,0.084
4725,0.084
4726,0.084
4727,0.084
4728,0.084
4729,0.084
4730,0.127
4731,0.127
4732,0.224
4733,0.224
4734,0.224
4735,0.224
4736,0.127
4737,0.127
4738,0.127
4739,0.127
4740,0.224
4741,0.224
4742,0.224
4743,0.224
4744,0.127
4745,0.127
4746,0.084
4747,0.084
4748,0.084
4749,0.084
4750,0.084
4751,0.084
4752,0.084
4753,0.127
4754,0.127
4755,0.224
4756,0.224
4757,0.224
4758,0.224
4759,0.127
4760,0.127
4761,0.127
4762,0.127
4763,0.224
4764,0.224
4765,0.224
4766,0.224
4767,0.127
4768,0.127
4769,0.084
4770,0.084
4771,0.084
4772,0.084
4773,0.084
4774,0.084
4775,0.084
4776,0.127
4777,0.127
4778,0.224
4779,0.224
4780,0.224
4781,0.224
4782,0.127
4783,0.127
4784,0.127
4785,0.127
4786,0.224
4787,0.224
4788,0.224
4789,0.224
4790,0.127
4791,0.127
4792,0.084
4793,0.084
4794,0.084
4795,0.084
4796,0.084
4797,0.084
4798,0.084
4799,0.084
4800,0.084
4801,0.084
4802,0.084
4803,0.084
4804,0.084
4805,0.084
4806,0.084
4807,0.084
4808,0.084
4809,0.084
4810,0.084
4811,0.084
4812,0.084
4813,0.084
4814,0.084
4815,0.084
4816,0.084
4817,0.084
4818,0.084
4819,0.084
4820,0.084
4821,0.084
4822,0.084
4823,0.084
4824,0.084
4825,0.084
4826,0.084
4827,0.084
4828,0.084
4829,0.084
4830,0.084
4831,0.084
4832,0.084
4833,0.084
4834,0.084
4835,0.084
4836,0.084
4837,0.084
4838,0.084
4839,0.084
4840,0.084
4841,0.084
4842,0.084
4843,0.084
4844,0.084
4845,0.084
4846,0.084
4847,0.084
4848,0.084
4849,0.084
4850,0.084
4851,0.127
4852,0.127
4853,0.224
4854,0.224
4855,0.224
4856,0.224
4857,0.127
4858,0.127
4859,0.127
4860,0.127
4861,0.224
4862,0.224
4863,0.224
4864,0.224
4865,0.127
4866,0.127
4867,0.084
4868,0.084
4869,0.084
4870,0.084
4871,0.084
4872,0.084
4873,0.084
4874,0.127
4875,0.127
4876,0.224
4877,0.224
4878,0.224
4879,0.224
4880,0.127
4881,0.127
4882,0.127
4883,0.127
4884,0.224
4885,0.224
4886,0.224
4887,0.224
4888,0.127
4889,0.127
4890,0.084
4891,0.084
4892,0.084
4893,0.084
4894,0.084
4895,0.084
4896,0.084
4897,0.127
4898,0.127
4899,0.224
4900,0.224
4901,0.224
4902,0.224
4903,0.127
4904,0.127
4905,0.127
4906,0.127
4907,0.224
4908,0.224
4909,0.224
4910,0.224
4911,0.127
4912,0.127
4913,0.084
4914,0.084
4915,0.084
4916,0.084
4917,0.084
4918,0.084
4919,0.084
4920,0.127
4921,0.127
4922,0.224
4923,0.224
4924,0.224
4925,0.224
4926,0.127
4927,0.127
4928,0.127
4929,0.127
4930,0.224
4931,0.224
4932,0.224
4933,0.224
4934,0.127
4935,0.127
4936,0.084
4937,0.084
4938,0.084
4939,0.084
4940,0.084
4941,0.084
4942,0.084
4943,0.127
4944,0.127
4945,0.224
4946,0.224
4947,0.224
4948,0.224
4949,0.127
4950,0.127
4951,0.127
4952,0.127
4953,0.224
4954,0.224
4955,0.224
4956,0.224
4957,0.127
4958,0.127
4959,0.084
4960,0.084
4961,0.084
4962,0.084
4963,0.084
4964,0.084
4965,0.084
4966,0.084
4967,0.084
4968,0.084
4969,0.084
4970,0.084
4971,0.084
4972,0.084
4973,0.084
4974,0.084
4975,0.084
4976,0.084
4977,0.084
4978,0.084
4979,0.084
4980,0.084
4981,0.084
4982,0.084
4983,0.084
4984,0.084
4985,0.084
4986,0.084
4987,0.084
4988,0.084
4989,0.084
4990,0.084
4991,0.084
4992,0.084
4993,0.084
4994,0.084
4995,0.084
4996,0.084
4997,0.084
4998,0.084
4999,0.084
5000,0.084
5001,0.084
5002,0.084
5003,0.084
5004,0.084
5005,0.084
5006,0.084
5007,0.084
5008,0.084
5009,0.084
5010,0.084
5011,0.084
5012,0.084
5013,0.084
5014,0.084
5015,0.084
5016,0.084
5017,0.084
5018,0.127
5019,0.127
5020,0.224
5021,0.224
5022,0.224
5023,0.224
5024,0.127
5025,0.127
5026,0.127
5027,0.127
5028,0.224
5029,0.224
5030,0.224
5031,0.224
5032,0.127
5033,0.127
5034,0.084
5035,0.084
5036,0.084
5037,0.084
5038,0.084
5039,0.084
5040,0.084
5041,0.127
5042,0.127
5043,0.224
5044,0.224
5045,0.224
5046,0.224
5047,0.127
5048,0.127
5049,0.127
5050,0.127
5051,0.224
5052,0.224
5053,0.224
5054,0.224
5055,0.127
5056,0.127
5057,0.084
5058,0.084
5059,0.084
5060,0.084
5061,0.084
5062,0.084
5063,0.084
5064,0.127
5065,0.127
5066,0.224
5067,0.224
5068,0.224
5069,0.224
5070,0.127
5071,0.127
5072,0.127
5073,0.127
5074,0.224
5075,0.224
5076,0.224
5077,0.224
5078,0.127
5079,0.127
5080,0.084
5081,0.084
5082,0.084
5083,0.084
5084,0.084
5085,0.084
5086,0.084
5087,0.127
5088,0.127
5089,0.224
5090,0.224
5091,0.224
5092,0.224
5093,0.127
5094,0.127
5095,0.127
5096,0.127
5097,0.224
5098,0.224
5099,0.224
5100,0.224
5101,0.127
5102,0.127
5103,0.084
5104,0.084
5105,0.084
5106,0.084
5107,0.084
5108,0.084
5109,0.084
5110,0.127
5111,0.127
5112,0.224
5113,0.224
5114,0.224
5115,0.224
5116,0.127
5117,0.127
5118,0.127
5119,0.127
5120,0.224
5121,0.224
5122,0.224
5123,0.224
5124,0.127
5125,0.127
5126,0.084
5127,0.084
5128,0.084
5129,0.084
5130,0.084
5131,0.084
5132,0.084
5133,0.084
5134,0.084
5135,0.084
5136,0.084
5137,0.084
5138,0.084
5139,0.084
5140,0.084
5141,0.084
5142,0.084
5143,0.084
5144,0.084
5145,0.084
5146,0.084
5147,0.084
5148,0.084
5149,0.084
5150,0.084
5151,0.084
5152,0.084
5153,0.084
5154,0.084
5155,0.084
5156,0.084
5157,0.084
5158,0.084
5159,0.084
5160,0.084
5161,0.084
5162,0.084
5163,0.084
5164,0.084
5165,0.084
5166,0.084
5167,0.084
5168,0.084
5169,0.084
5170,0.084
5171,0.084
5172,0.084
5173,0.084
5174,0.084
5175,0.084
5176,0.084
5177,0.084
5178,0.084
5179,0.084
5180,0.084
5181,0.084
5182,0.084
5183,0.084
5184,0.084
5185,0.127
5186,0.127
5187,0.224
5188,0.224
5189,0.224
5190,0.224
5191,0.127
5192,0.127
5193,0.127
5194,0.127
5195,0.224
5196,0.224
5197,0.224
5198,0.224
5199,0.127
5200,0.127
5201,0.084
5202,0.084
5203,0.084
5204,0.084
5205,0.084
5206,0.084
5207,0.084
5208,0.127
5209,0.127
5210,0.224
5211,0.224
5212,0.224
5213,0.224
5214,0.127
5215,0.127
5216,0.127
5217,0.127
5218,0.224
5219,0.224
5220,0.224
5221,0.224
5222,0.127
5223,0.127
5224,0.084
5225,0.084
5226,0.084
5227,0.084
5228,0.084
5229,0.084
5230,0.084
5231,0.127
5232,0.127
5233,0.224
5234,0.224
5235,0.224
5236,0.224
5237,0.127
5238,0.127
5239,0.127
5240,0.127
5241,0.224
5242,0.224
5243,0.224
5244,0.224
5245,0.127
5246,0.127
5247,0.084
5248,0.084
5249,0.084
5250,0.084
5251,0.084
5252,0.084
5253,0.084
5254,0.127
5255,0.127
5256,0.224
5257,0.224
5258,0.224
5259,0.224
5260,0.127
5261,0.127
5262,0.127
5263,0.127
5264,0.224
5265,0.224
5266,0.224
5267,0.224
5268,0.127
5269,0.127
5270,0.084
5271,0.084
5272,0.084
5273,0.084
5274,0.084
5275,0.084
5276,0.084
5277,0.127
5278,0.127
5279,0.224
5280,0.224
5281,0.224
5282,0.224
5283,0.127
5284,0.127
5285,0.127
5286,0.127
5287,0.224
5288,0.224
5289,0.224
5290,0.224
5291,0.127
5292,0.127
5293,0.084
5294,0.084
5295,0.084
5296,0.084
5297,0.084
5298,0.084
5299,0.084
5300,0.084
5301,0.084
5302,0.084
5303,0.084
5304,0.084
5305,0.084
5306,0.084
5307,0.084
5308,0.084
5309,0.084
5310,0.084
5311,0.084
5312,0.084
5313,0.084
5314,0.084
5315,0.084
5316,0.084
5317,0.084
5318,0.084
5319,0.084
5320,0.084
5321,0.084
5322,0.084
5323,0.084
5324,0.084
5325,0.084
5326,0.084
5327,0.084
5328,0.084
5329,0.084
5330,0.084
5331,0.084
5332,0.084
5333,0.084
5334,0.084
5335,0.084
5336,0.084
5337,0.084
5338,0.084
5339,0.084
5340,0.084
5341,0.084
5342,0.084
5343,0.084
5344,0.084
5345,0.084
5346,0.084
5347,0.084
5348,0.084
5349,0.084
5350,0.084
5351,0.084
5352,0.127
5353,0.127
5354,0.224
5355,0.224
5356,0.224
5357,0.224
5358,0.127
5359,0.127
5360,0.127
5361,0.127
5362,0.224
5363,0.224
5364,0.224
5365,0.224
5366,0.127
5367,0.127
5368,0.084
5369,0.084
5370,0.084
5371,0.084
5372,0.084
5373,0.084
5374,0.084
5375,0.127
5376,0.127
5377,0.224
5378,0.224
5379,0.224
5380,0.224
5381,0.127
5382,0.127
5383,0.127
5384,0.127
5385,0.224
5386,0.224
5387,0.224
5388,0.224
5389,0.127
5390,0.127
5391,0.084
5392,0.084
5393,0.084
5394,0.084
5395,0.084
5396,0.084
5397,0.084
5398,0.127
5399,0.127
5400,0.224
5401,0.224
5402,0.224
5403,0.224
5404,0.127
5405,0.127
5406,0.127
5407,0.127
5408,0.224
5409,0.224
5410,0.224
5411,0.224
5412,0.127
5413,0.127
5414,0.084
5415,0.084
5416,0.084
5417,0.084
5418,0.084
5419,0.084
5420,0.084
5421,0.127
5422,0.127
5423,0.224
5424,0.224
5425,0.224
5426,0.224
5427,0.127
5428,0.127
5429,0.127
5430,0.127
5431,0.224
5432,0.224
5433,0.224
5434,0.224
5435,0.127
5436,0.127
5437,0.084
5438,0.084
5439,0.084
5440,0.084
5441,0.084
5442,0.084
5443,0.084
5444,0.127
5445,0.127
5446,0.224
5447,0.224
5448,0.224
5449,0.224
5450,0.127
5451,0.127
5452,0.127
5453,0.127
5454,0.224
5455,0.224
5456,0.224
5457,0.224
5458,0.127
5459,0.127
5460,0.084
5461,0.084
5462,0.084
5463,0.084
5464,0.084
5465,0.084
5466,0.084
5467,0.084
5468,0.084
5469,0.084
5470,0.084
5471,0.084
5472,0.084
5473,0.084
5474,0.084
5475,0.084
5476,0.084
5477,0.084
5478,0.084
5479,0.084
5480,0.084
5481,0.084
5482,0.084
5483,0.084
5484,0.084
5485,0.084
5486,0.084
5487,0.084
5488,0.084
5489,0.084
5490,0.084
5491,0.084
5492,0.084
5493,0.084
5494,0.084
5495,0.084
5496,0.084
5497,0.084
5498,0.084
5499,0.084
5500,0.084
5501,0.084
5502,0.084
5503,0.084
5504,0.084
5505,0.084
5506,0.084
5507,0.084
5508,0.084
5509,0.084
5510,0.084
5511,0.084
5512,0.084
5513,0.084
5514,0.084
5515,0.084
5516,0.084
5517,0.084
5518,0.084
5519,0.127
5520,0.127
5521,0.224
5522,0.224
5523,0.224
5524,0.224
5525,0.127
5526,0.127
5527,0.127
5528,0.127
5529,0.224
5530,0.224
5531,0.224
5532,0.224
5533,0.127
5534,0.127
5535,0.084
5536,0.084
5537,0.084
5538,0.084
5539,0.084
5540,0.084
5541,0.084
5542,0.127
5543,0.127
5544,0.224
5545,0.224
5546,0.224
5547,0.224
5548,0.127
5549,0.127
5550,0.127
5551,0.127
5552,0.224
5553,0.224
5554,0.224
5555,0.224
5556,0.127
5557,0.127
5558,0.084
5559,0.084
5560,0.084
5561,0.084
5562,0.084
5563,0.084
5564,0.084
5565,0.127
5566,0.127
5567,0.224
5568,0.224
5569,0.224
5570,0.224
5571,0.127
5572,0.127
5573,0.127
5574,0.127
5575,0.224
5576,0.224
5577,0.224
5578,0.224
5579,0.127
5580,0.127
5581,0.084
5582,0.084
5583,0.084
5584,0.084
5585,0.084
5586,0.084
5587,0.084
5588,0.127
5589,0.127
5590,0.224
5591,0.224
5592,0.224
5593,0.224
5594,0.127
5595,0.127
5596,0.127
5597,0.127
5598,0.224
5599,0.224
5600,0.224
5601,0.224
5602,0.127
5603,0.127
5604,0.084
5605,0.084
5606,0.084
5607,0.084
5608,0.084
5609,0.084
5610,0.084
5611,0.127
5612,0.127
5613,0.224
5614,0.224
5615,0.224
5616,0.224
5617,0.127
5618,0.127
5619,0.127
5620,0.127
5621,0.224
5622,0.224
5623,0.224
5624,0.224
5625,0.127
5626,0.127
5627,0.084
5628,0.084
5629,0.084
5630,0.084
5631,0.084
5632,0.084
5633,0.084
5634,0.084
5635,0.084
5636,0.084
5637,0.084
5638,0.084
5639,0.084
5640,0.084
5641,0.084
5642,0.084
5643,0.084
5644,0.084
5645,0.084
5646,0.084
5647,0.084
5648,0.084
5649,0.084
5650,0.084
5651,0.084
5652,0.084
5653,0.084
5654,0.084
5655,0.084
5656,0.084
5657,0.084
5658,0.084
5659,0.084
5660,0.084
5661,0.084
5662,0.084
5663,0.084
5664,0.084
5665,0.084
5666,0.084
5667,0.084
5668,0.084
5669,0.084
5670,0.084
5671,0.084
5672,0.084
5673,0.084
5674,0.084
5675,0.084
5676,0.084
5677,0.084
5678,0.084
5679,0.084
5680,0.084
5681,0.084
5682,0.084
5683,0.084
5684,0.084
5685,0.084
5686,0.127
5687,0.127
5688,0.224
5689,0.224
5690,0.224
5691,0.224
5692,0.127
5693,0.127
5694,0.127
5695,0.127
5696,0.224
5697,0.224
5698,0.224
5699,0.224
5700,0.127
5701,0.127
5702,0.084
5703,0.084
5704,0.084
5705,0.084
5706,0.084
5707,0.084
5708,0.084
5709,0.127
5710,0.127
5711,0.224
5712,0.224
5713,0.224
5714,0.224
5715,0.127
5716,0.127
5717,0.127
5718,0.127
5719,0.224
5720,0.224
5721,0.224
5722,0.224
5723,0.127
5724,0.127
5725,0.084
5726,0.084
5727,0.084
5728,0.084
5729,0.084
5730,0.084
5731,0.084
5732,0.127
5733,0.127
5734,0.224
5735,0.224
5736,0.224
5737,0.224
5738,0.127
5739,0.127
5740,0.127
5741,0.127
5742,0.224
5743,0.224
5744,0.224
5745,0.224
5746,0.127
5747,0.127
5748,0.084
5749,0.084
5750,0.084
5751,0.084
5752,0.084
5753,0.084
5754,0.084
5755,0.127
5756,0.127
5757,0.224
5758,0.224
5759,0.224
5760,0.224
5761,0.127
5762,0.127
5763,0.127
5764,0.127
5765,0.224
5766,0.224
5767,0.224
5768,0.224
5769,0.127
5770,0.127
5771,0.084
5772,0.084
5773,0.084
5774,0.084
5775,0.084
5776,0.084
5777,0.084
5778,0.127
5779,0.127
5780,0.224
5781,0.224
5782,0.224
5783,0.224
5784,0.127
5785,0.127
5786,0.127
5787,0.127
5788,0.224
5789,0.224
5790,0.224
5791,0.224
5792,0.127
5793,0.127
5794,0.084
5795,0.084
5796,0.084
5797,0.084
5798,0.084
5799,0.084
5800,0.084
5801,0.084
5802,0.084
5803,0.084
5804,0.084
5805,0.084
5806,0.084
5807,0.084
5808,0.084
5809,0.084
5810,0.084
5811,0.084
5812,0.084
5813,0.084
5814,0.084
5815,0.084
5816,0.084
5817,0.084
5818,0.084
5819,0.084
5820,0.084
5821,0.084
5822,0.084
5823,0.084
5824,0.084
5825,0.084
5826,0.084
5827,0.084
5828,0.084
5829,0.084
5830,0.084
5831,0.084
5832,0.084
5833,0.084
5834,0.084
5835,0.084
5836,0.084
5837,0.084
5838,0.084
5839,0.084
5840,0.084
5841,0.084
5842,0.084
5843,0.084
5844,0.084
5845,0.084
5846,0.084
5847,0.084
5848,0.084
5849,0.084
5850,0.084
5851,0.084
5852,0.084
5853,0.127
5854,0.127
5855,0.224
5856,0.224
5857,0.224
5858,0.224
5859,0.127
5860,0.127
5861,0.127
5862,0.127
5863,0.224
5864,0.224
5865,0.224
5866,0.224
5867,0.127
5868,0.127
5869,0.084
5870,0.084
5871,0.084
5872,0.084
5873,0.084
5874,0.084
5875,0.084
5876,0.127
5877,0.127
5878,0.224
5879,0.224
5880,0.224
5881,0.224
5882,0.127
5883,0.127
5884,0.127
5885,0.127
5886,0.224
5887,0.224
5888,0.224
5889,0.224
5890,0.127
5891,0.127
5892,0.084
5893,0.084
5894,0.084
5895,0.084
5896,0.084
5897,0.084
5898,0.084
5899,0.127
5900,0.127
5901,0.224
5902,0.224
5903,0.224
5904,0.224
5905,0.127
5906,0.127
5907,0.127
5908,0.127
5909,0.224
5910,0.224
5911,0.224
5912,0.224
5913,0.127
5914,0.127
5915,0.084
5916,0.084
5917,0.084
5918,0.084
5919,0.084
5920,0.084
5921,0.084
5922,0.127
5923,0.127
5924,0.224
5925,0.224
5926,0.224
5927,0.224
5928,0.127
5929,0.127
5930,0.127
5931,0.127
5932,0.224
5933,0.224
5934,0.224
5935,0.224
5936,0.127
5937,0.127
5938,0.084
5939,0.084
5940,0.084
5941,0.084
5942,0.084
5943,0.084
5944,0.084
5945,0.127
5946,0.127
5947,0.224
5948,0.224
5949,0.224
5950,0.224
5951,0.127
5952,0.127
5953,0.127
5954,0.127
5955,0.224
5956,0.224
5957,0.224
5958,0.224
5959,0.127
5960,0.127
5961,0.084
5962,0.084
5963,0.084
5964,0.084
5965,0.084
5966,0.084
5967,0.084
5968,0.084
5969,0.084
5970,0.084
5971,0.084
5972,0.084
5973,0.084
5974,0.084
5975,0.084
5976,0.084
5977,0.084
5978,0.084
5979,0.084
5980,0.084
5981,0.084
5982,0.084
5983,0.084
5984,0.084
5985,0.084
5986,0.084
5987,0.084
5988,0.084
5989,0.084
5990,0.084
5991,0.084
5992,0.084
5993,0.084
5994,0.084
5995,0.084
5996,0.084
5997,0.084
5998,0.084
5999,0.084
6000,0.084
6001,0.084
6002,0.084
6003,0.084
6004,0.084
6005,0.084
6006,0.084
6007,0.084
6008,0.084
6009,0.084
6010,0.084
6011,0.084
6012,0.084
6013,0.084
6014,0.084
6015,0.084
6016,0.084
6017,0.084
6018,0.084
6019,0.084
6020,0.127
6021,0.127
6022,0.224
6023,0.224
6024,0.224
6025,0.224
6026,0.127
6027,0.127
6028,0.127
6029,0.127
6030,0.224
6031,0.224
6032,0.224
6033,0.224
6034,0.127
6035,0.127
6036,0.084
6037,0.084
6038,0.084
6039,0.084
6040,0.084
6041,0.084
6042,0.084
6043,0.127
6044,0.127
6045,0.224
6046,0.224
6047,0.224
6048,0.224
6049,0.127
6050,0.127
6051,0.127
6052,0.127
6053,0.224
6054,0.224
6055,0.224
6056,0.224
6057,0.127
6058,0.127
6059,0.084
6060,0.084
6061,0.084
6062,0.084
6063,0.084
6064,0.084
6065,0.084
6066,0.127
6067,0.127
6068,0.224
6069,0.224
6070,0.224
6071,0.224
6072,0.127
6073,0.127
6074,0.127
6075,0.127
6076,0.224
6077,0.224
6078,0.224
6079,0.224
6080,0.127
6081,0.127
6082,0.084
6083,0.084
6084,0.084
6085,0.084
6086,0.084
6087,0.084
6088,0.084
6089,0.127
6090,0.127
6091,0.224
6092,0.224
6093,0.224
6094,0.224
6095,0.127
6096,0.127
6097,0.127
6098,0.127
6099,0.224
6100,0.224
6101,0.224
6102,0.224
6103,0.127
6104,0.127
6105,0.084
6106,0.084
6107,0.084
6108,0.084
6109,0.084
6110,0.084
6111,0.084
6112,0.127
6113,0.127
6114,0.224
6115,0.224
6116,0.224
6117,0.224
6118,0.127
6119,0.127
6120,0.127
6121,0.127
6122,0.224
6123,0.224
6124,0.224
6125,0.224
6126,0.127
6127,0.127
6128,0.084
6129,0.084
6130,0.084
6131,0.084
6132,0.084
6133,0.084
6134,0.084
6135,0.084
6136,0.084
6137,0.084
6138,0.084
6139,0.084
6140,0.084
6141,0.084
6142,0.084
6143,0.084
6144,0.084
6145,0.084
6146,0.084
6147,0.084
6148,0.084
6149,0.084
6150,0.084
6151,0.084
6152,0.084
6153,0.084
6154,0.084
6155,0.084
6156,0.084
6157,0.084
6158,0.084
6159,0.084
6160,0.084
6161,0.084
6162,0.084
6163,0.084
6164,0.084
6165,0.084
6166,0.084
6167,0.084
6168,0.084
6169,0.084
6170,0.084
6171,0.084
6172,0.084
6173,0.084
6174,0.084
6175,0.084
6176,0.084
6177,0.084
6178,0.084
6179,0.084
6180,0.084
6181,0.084
6182,0.084
6183,0.084
6184,0.084
6185,0.084
6186,0.084
6187,0.127
6188,0.127
6189,0.224
6190,0.224
6191,0.224
6192,0.224
6193,0.127
6194,0.127
6195,0.127
6196,0.127
6197,0.224
6198,0.224
6199,0.224
6200,0.224
6201,0.127
6202,0.127
6203,0.084
6204,0.084
6205,0.084
6206,0.084
6207,0.084
6208,0.084
6209,0.084
6210,0.127
6211,0.127
6212,0.224
6213,0.224
6214,0.224
6215,0.224
6216,0.127
6217,0.127
6218,0.127
6219,0.127
6220,0.224
6221,0.224
6222,0.224
6223,0.224
6224,0.127
6225,0.127
6226,0.084
6227,0.084
6228,0.084
6229,0.084
6230,0.084
6231,0.084
6232,0.084
6233,0.127
6234,0.127
6235,0.224
6236,0.224
6237,0.224
6238,0.224
6239,0.127
6240,0.127
6241,0.127
6242,0.127
6243,0.224
6244,0.224
6245,0.224
6246,0.224
6247,0.127
6248,0.127
6249,0.084
6250,0.084
6251,0.084
6252,0.084
6253,0.084
6254,0.084
6255,0.084
6256,0.127
6257,0.127
6258,0.224
6259,0.224
6260,0.224
6261,0.224
6262,0.127
6263,0.127
6264,0.127
6265,0.127
6266,0.224
6267,0.224
6268,0.224
6269,0.224
6270,0.127
6271,0.127
6272,0.084
6273,0.084
6274,0.084
6275,0.084
6276,0.084
6277,0.084
6278,0.084
6279,0.127
6280,0.127
6281,0.224
6282,0.224
6283,0.224
6284,0.224
6285,0.127
6286,0.127
6287,0.127
6288,0.127
6289,0.224
6290,0.224
6291,0.224
6292,0.224
6293,0.127
6294,0.127
6295,0.084
6296,0.084
6297,0.084
6298,0.084
6299,0.084
6300,0.084
6301,0.084
6302,0.084
6303,0.084
6304,0.084
6305,0.084
6306,0.084
6307,0.084
6308,0.084
6309,0.084
6310,0.084
6311,0.084
6312,0.084
6313,0.084
6314,0.084
6315,0.084
6316,0.084
6317,0.084
6318,0.084
6319,0.084
6320,0.084
6321,0.084
6322,0.084
6323,0.084
6324,0.084
6325,0.084
6326,0.084
6327,0.084
6328,0.084
6329,0.084
6330,0.084
6331,0.084
6332,0.084
6333,0.084
6334,0.084
6335,0.084
6336,0.084
6337,0.084
6338,0.084
6339,0.084
6340,0.084
6341,0.084
6342,0.084
6343,0.084
6344,0.084
6345,0.084
6346,0.084
6347,0.084
6348,0.084
6349,0.084
6350,0.084
6351,0.084
6352,0.084
6353,0.084
6354,0.127
6355,0.127
6356,0.224
6357,0.224
6358,0.224
6359,0.224
6360,0.127
6361,0.127
6362,0.127
6363,0.127
6364,0.224
6365,0.224
6366,0.224
6367,0.224
6368,0.127
6369,0.127
6370,0.084
6371,0.084
6372,0.084
6373,0.084
6374,0.084
6375,0.084
6376,0.084
6377,0.127
6378,0.127
6379,0.224
6380,0.224
6381,0.224
6382,0.224
6383,0.127
6384,0.127
6385,0.127
6386,0.127
6387,0.224
6388,0.224
6389,0.224
6390,0.224
6391,0.127
6392,0.127
6393,0.084
6394,0.084
6395,0.084
6396,0.084
6397,0.084
6398,0.084
6399,0.084
6400,0.127
6401,0.127
6402,0.224
6403,0.224
6404,0.224
6405,0.224
6406,0.127
6407,0.127
6408,0.127
6409,0.127
6410,0.224
6411,0.224
6412,0.224
6413,0.224
6414,0.127
6415,0.127
6416,0.084
6417,0.084
6418,0.084
6419,0.084
6420,0.084
6421,0.084
6422,0.084
6423,0.127
6424,0.127
6425,0.224
6426,0.224
6427,0.224
6428,0.224
6429,0.127
6430,0.127
6431,0.127
6432,0.127
6433,0.224
6434,0.224
6435,0.224
6436,0.224
6437,0.127
6438,0.127
6439,0.084
6440,0.084
6441,0.084
6442,0.084
6443,0.084
6444,0.084
6445,0.084
6446,0.127
6447,0.127
6448,0.224
6449,0.224
6450,0.224
6451,0.224
6452,0.127
6453,0.127
6454,0.127
6455,0.127
6456,0.224
6457,0.224
6458,0.224
6459,0.224
6460,0.127
6461,0.127
6462,0.084
6463,0.084
6464,0.084
6465,0.084
6466,0.084
6467,0.084
6468,0.084
6469,0.084
6470,0.084
6471,0.084
6472,0.084
6473,0.084
6474,0.084
6475,0.084
6476,0.084
6477,0.084
6478,0.084
6479,0.084
6480,0.084
6481,0.084
6482,0.084
6483,0.084
6484,0.084
6485,0.084
6486,0.084
6487,0.084
6488,0.084
6489,0.084
6490,0.084
6491,0.084
6492,0.084
6493,0.084
6494,0.084
6495,0.084
6496,0.084
6497,0.084
6498,0.084
6499,0.084
6500,0.084
6501,0.084
6502,0.084
6503,0.084
6504,0.084
6505,0.084
6506,0.084
6507,0.084
6508,0.084
6509,0.084
6510,0.084
6511,0.084
6512,0.084
6513,0.084
6514,0.084
6515,0.084
6516,0.084
6517,0.084
6518,0.084
6519,0.084
6520,0.084
6521,0.127
6522,0.127
6523,0.224
6524,0.224
6525,0.224
6526,0.224
6527,0.127
6528,0.127
6529,0.127
6530,0.127
6531,0.224
6532,0.224
6533,0.224
6534,0.224
6535,0.127
6536,0.127
6537,0.084
6538,0.084
6539,0.084
6540,0.084
6541,0.084
6542,0.084
6543,0.084
6544,0.127
6545,0.127
6546,0.224
6547,0.224
6548,0.224
6549,0.224
6550,0.127
6551,0.127
6552,0.127
6553,0.127
6554,0.224
6555,0.224
6556,0.224
6557,0.224
6558,0.127
6559,0.127
6560,0.084
6561,0.084
6562,0.084
6563,0.084
6564,0.084
6565,0.084
6566,0.084
6567,0.127
6568,0.127
6569,0.224
6570,0.224
6571,0.224
6572,0.224
6573,0.127
6574,0.127
6575,0.127
6576,0.127
6577,0.224
6578,0.224
6579,0.224
6580,0.224
6581,0.127
6582,0.127
6583,0.084
6584,0.084
6585,0.084
6586,0.084
6587,0.084
6588,0.084
6589,0.084
6590,0.127
6591,0.127
6592,0.224
6593,0.224
6594,0.224
6595,0.224
6596,0.127
6597,0.127
6598,0.127
6599,0.127
6600,0.224
6601,0.224
6602,0.224
6603,0.224
6604,0.127
6605,0.127
6606,0.084
6607,0.084
6608,0.084
6609,0.084
6610,0.084
6611,0.084
6612,0.084
6613,0.127
6614,0.127
6615,0.224
6616,0.224
6617,0.224
6618,0.224
6619,0.127
6620,0.127
6621,0.127
6622,0.127
6623,0.224
6624,0.224
6625,0.224
6626,0.224
6627,0.127
6628,0.127
6629,0.084
6630,0.084
6631,0.084
6632,0.084
6633,0.084
6634,0.084
6635,0.084
6636,0.084
6637,0.084
6638,0.084
6639,0.084
6640,0.084
6641,0.084
6642,0.084
6643,0.084
6644,0.084
6645,0.084
6646,0.084
6647,0.084
6648,0.084
6649,0.084
6650,0.084
6651,0.084
6652,0.084
6653,0.084
6654,0.084
6655,0.084
6656,0.084
6657,0.084
6658,0.084
6659,0.084
6660,0.084
6661,0.084
6662,0.084
6663,0.084
6664,0.084
6665,0.084
6666,0.084
6667,0.084
6668,0.084
6669,0.084
6670,0.084
6671,0.084
6672,0.084
6673,0.084
6674,0.084
6675,0.084
6676,0.084
6677,0.084
6678,0.084
6679,0.084
6680,0.084
6681,0.084
6682,0.084
6683,0.084
6684,0.084
6685,0.084
6686,0.084
6687,0.084
6688,0.127
6689,0.127
6690,0.224
6691,0.224
6692,0.224
6693,0.224
6694,0.127
6695,0.127
6696,0.127
6697,0.127
6698,0.224
6699,0.224
6700,0.224
6701,0.224
6702,0.127
6703,0.127
6704,0.084
6705,0.084
6706,0.084
6707,0.084
6708,0.084
6709,0.084
6710,0.084
6711,0.127
6712,0.127
6713,0.224
6714,0.224
6715,0.224
6716,0.224
6717,0.127
6718,0.127
6719,0.127
6720,0.127
6721,0.224
6722,0.224
6723,0.224
6724,0.224
6725,0.127
6726,0.127
6727,0.084
6728,0.084
6729,0.084
6730,0.084
6731,0.084
6732,0.084
6733,0.084
6734,0.127
6735,0.127
6736,0.224
6737,0.224
6738,0.224
6739,0.224
6740,0.127
6741,0.127
6742,0.127
6743,0.127
6744,0.224
6745,0.224
6746,0.224
6747,0.224
6748,0.127
6749,0.127
6750,0.084
6751,0.084
6752,0.084
6753,0.084
6754,0.084
6755,0.084
6756,0.084
6757,0.127
6758,0.127
6759,0.224
6760,0.224
6761,0.224
6762,0.224
6763,0.127
6764,0.127
6765,0.127
6766,0.127
6767,0.224
6768,0.224
6769,0.224
6770,0.224
6771,0.127
6772,0.127
6773,0.084
6774,0.084
6775,0.084
6776,0.084
6777,0.084
6778,0.084
6779,0.084
6780,0.127
6781,0.127
6782,0.224
6783,0.224
6784,0.224
6785,0.224
6786,0.127
6787,0.127
6788,0.127
6789,0.127
6790,0.224
6791,0.224
6792,0.224
6793,0.224
6794,0.127
6795,0.127
6796,0.084
6797,0.084
6798,0.084
6799,0.084
6800,0.084
6801,0.084
6802,0.084
6803,0.084
6804,0.084
6805,0.084
6806,0.084
6807,0.084
6808,0.084
6809,0.084
6810,0.084
6811,0.084
6812,0.084
6813,0.084
6814,0.084
6815,0.084
6816,0.084
6817,0.084
6818,0.084
6819,0.084
6820,0.084
6821,0.084
6822,0.084
6823,0.084
6824,0.084
6825,0.084
6826,0.084
6827,0.084
6828,0.084
6829,0.084
6830,0.084
6831,0.084
6832,0.084
6833,0.084
6834,0.084
6835,0.084
6836,0.084
6837,0.084
6838,0.084
6839,0.084
6840,0.084
6841,0.084
6842,0.084
6843,0.084
6844,0.084
6845,0.084
6846,0.084
6847,0.084
6848,0.084
6849,0.084
6850,0.084
6851,0.084
6852,0.084
6853,0.084
6854,0.084
6855,0.127
6856,0.127
6857,0.224
6858,0.224
6859,0.224
6860,0.224
6861,0.127
6862,0.127
6863,0.127
6864,0.127
6865,0.224
6866,0.224
6867,0.224
6868,0.224
6869,0.127
6870,0.127
6871,0.084
6872,0.084
6873,0.084
6874,0.084
6875,0.084
6876,0.084
6877,0.084
6878,0.127
6879,0.127
6880,0.224
6881,0.224
6882,0.224
6883,0.224
6884,0.127
6885,0.127
6886,0.127
6887,0.127
6888,0.224
6889,0.224
6890,0.224
6891,0.224
6892,0.127
6893,0.127
6894,0.084
6895,0.084
6896,0.084
6897,0.084
6898,0.084
6899,0.084
6900,0.084
6901,0.127
6902,0.127
6903,0.224
6904,0.224
6905,0.224
6906,0.224
6907,0.127
6908,0.127
6909,0.127
6910,0.127
6911,0.224
6912,0.224
6913,0.224
6914,0.224
6915,0.127
6916,0.127
6917,0.084
6918,0.084
6919,0.084
6920,0.084
6921,0.084
6922,0.084
6923,0.084
6924,0.127
6925,0.127
6926,0.224
6927,0.224
6928,0.224
6929,0.224
6930,0.127
6931,0.127
6932,0.127
6933,0.127
6934,0.224
6935,0.224
6936,0.224
6937,0.224
6938,0.127
6939,0.127
6940,0.084
6941,0.084
6942,0.084
6943,0.084
6944,0.084
6945,0.084
6946,0.084
6947,0.127
6948,0.127
6949,0.224
6950,0.224
6951,0.224
6952,0.224
6953,0.127
6954,0.127
6955,0.127
6956,0.127
6957,0.224
6958,0.224
6959,0.224
6960,0.224
6961,0.127
6962,0.127
6963,0.084
6964,0.084
6965,0.084
6966,0.084
6967,0.084
6968,0.084
6969,0.084
6970,0.084
6971,0.084
6972,0.084
6973,0.084
6974,0.084
6975,0.084
6976,0.084
6977,0.084
6978,0.084
6979,0.084
6980,0.084
6981,0.084
6982,0.084
6983,0.084
6984,0.084
6985,0.084
6986,0.084
6987,0.084
6988,0.084
6989,0.084
6990,0.084
6991,0.084
6992,0.084
6993,0.084
6994,0.084
6995,0.084
6996,0.084
6997,0.084
6998,0.084
6999,0.084
7000,0.084
7001,0.084
7002,0.084
7003,0.084
7004,0.084
7005,0.084
7006,0.084
7007,0.084
7008,0.084
7009,0.084
7010,0.084
7011,0.084
7012,0.084
7013,0.084
7014,0.084
7015,0.084
7016,0.084
7017,0.084
7018,0.084
7019,0.084
7020,0.084
7021,0.084
7022,0.127
7023,0.127
7024,0.224
7025,0.224
7026,0.224
7027,0.224
7028,0.127
7029,0.127
7030,0.127
7031,0.127
7032,0.224
7033,0.224
7034,0.224
7035,0.224
7036,0.127
7037,0.127
7038,0.084
7039,0.084
7040,0.084
7041,0.084
7042,0.084
7043,0.084
7044,0.084
7045,0.127
7046,0.127
7047,0.224
7048,0.224
7049,0.224
7050,0.224
7051,0.127
7052,0.127
7053,0.127
7054,0.127
7055,0.224
7056,0.224
7057,0.224
7058,0.224
7059,0.127
7060,0.127
7061,0.084
7062,0.084
7063,0.084
7064,0.084
7065,0.084
7066,0.084
7067,0.084
7068,0.127
7069,0.127
7070,0.224
7071,0.224
7072,0.224
7073,0.224
7074,0.127
7075,0.127
7076,0.127
7077,0.127
7078,0.224
7079,0.224
7080,0.224
7081,0.224
7082,0.127
7083,0.127
7084,0.084
7085,0.084
7086,0.084
7087,0.084
7088,0.084
7089,0.084
7090,0.084
7091,0.127
7092,0.127
7093,0.224
7094,0.224
7095,0.224
7096,0.224
7097,0.127
7098,0.127
7099,0.127
7100,0.127
7101,0.224
7102,0.224
7103,0.224
7104,0.224
7105,0.127
7106,0.127
7107,0.084
7108,0.084
7109,0.084
7110,0.084
7111,0.084
7112,0.084
7113,0.084
7114,0.127
7115,0.127
7116,0.224
7117,0.224
7118,0.224
7119,0.224
7120,0.127
7121,0.127
7122,0.127
7123,0.127
7124,0.224
7125,0.224
7126,0.224
7127,0.224
7128,0.127
7129,0.127
7130,0.084
7131,0.084
7132,0.084
7133,0.084
7134,0.084
7135,0.084
7136,0.084
7137,0.084
7138,0.084
7139,0.084
7140,0.084
7141,0.084
7142,0.084
7143,0.084
7144,0.084
7145,0.084
7146,0.084
7147,0.084
7148,0.084
7149,0.084
7150,0.084
7151,0.084
7152,0.084
7153,0.084
7154,0.084
7155,0.084
7156,0.084
7157,0.084
7158,0.084
7159,0.084
7160,0.084
7161,0.084
7162,0.084
7163,0.084
7164,0.084
7165,0.084
7166,0.084
7167,0.084
7168,0.084
7169,0.084
7170,0.084
7171,0.084
7172,0.084
7173,0.084
7174,0.084
7175,0.084
7176,0.084
7177,0.084
7178,0.084
7179,0.084
7180,0.084
7181,0.084
7182,0.084
7183,0.084
7184,0.084
7185,0.084
7186,0.084
7187,0.084
7188,0.084
7189,0.127
7190,0.127
7191,0.224
7192,0.224
7193,0.224
7194,0.224
7195,0.127
7196,0.127
7197,0.127
7198,0.127
7199,0.224
7200,0.224
7201,0.224
7202,0.224
7203,0.127
7204,0.127
7205,0.084
7206,0.084
7207,0.084
7208,0.084
7209,0.084
7210,0.084
7211,0.084
7212,0.127
7213,0.127
7214,0.224
7215,0.224
7216,0.224
7217,0.224
7218,0.127
7219,0.127
7220,0.127
7221,0.127
7222,0.224
7223,0.224
7224,0.224
7225,0.224
7226,0.127
7227,0.127
7228,0.084
7229,0.084
7230,0.084
7231,0.084
7232,0.084
7233,0.084
7234,0.084
7235,0.127
7236,0.127
7237,0.224
7238,0.224
7239,0.224
7240,0.224
7241,0.127
7242,0.127
7243,0.127
7244,0.127
7245,0.224
7246,0.224
7247,0.224
7248,0.224
7249,0.127
7250,0.127
7251,0.084
7252,0.084
7253,0.084
7254,0.084
7255,0.084
7256,0.084
7257,0.084
7258,0.127
7259,0.127
7260,0.224
7261,0.224
7262,0.224
7263,0.224
7264,0.127
7265,0.127
7266,0.127
7267,0.127
7268,0.224
7269,0.224
7270,0.224
7271,0.224
7272,0.127
7273,0.127
7274,0.084
7275,0.084
7276,0.084
7277,0.084
7278,0.084
7279,0.084
7280,0.084
7281,0.127
7282,0.127
7283,0.224
7284,0.224
7285,0.224
7286,0.224
7287,0.127
7288,0.127
7289,0.127
7290,0.127
7291,0.224
7292,0.224
7293,0.224
7294,0.224
7295,0.127
7296,0.127
7297,0.084
7298,0.084
7299,0.084
7300,0.084
7301,0.084
7302,0.084
7303,0.084
7304,0.084
7305,0.084
7306,0.084
7307,0.084
7308,0.084
7309,0.084
7310,0.084
7311,0.084
7312,0.084
7313,0.084
7314,0.084
7315,0.084
7316,0.084
7317,0.084
7318,0.084
7319,0.084
7320,0.084
7321,0.084
7322,0.084
7323,0.084
7324,0.084
7325,0.084
7326,0.084
7327,0.084
7328,0.084
7329,0.084
7330,0.084
7331,0.084
7332,0.084
7333,0.084
7334,0.084
7335,0.084
7336,0.084
7337,0.084
7338,0.084
7339,0.084
7340,0.084
7341,0.084
7342,0.084
7343,0.084
7344,0.084
7345,0.084
7346,0.084
7347,0.084
7348,0.084
7349,0.084
7350,0.084
7351,0.084
7352,0.084
7353,0.084
7354,0.084
7355,0.084
7356,0.127
7357,0.127
7358,0.224
7359,0.224
7360,0.224
7361,0.224
7362,0.127
7363,0.127
7364,0.127
7365,0.127
7366,0.224
7367,0.224
7368,0.224
7369,0.224
7370,0.127
7371,0.127
7372,0.084
7373,0.084
7374,0.084
7375,0.084
7376,0.084
7377,0.084
7378,0.084
7379,0.127
7380,0.127
7381,0.224
7382,0.224
7383,0.224
7384,0.224
7385,0.127
7386,0.127
7387,0.127
7388,0.127
7389,0.224
7390,0.224
7391,0.224
7392,0.224
7393,0.127
7394,0.127
7395,0.084
7396,0.084
7397,0.084
7398,0.084
7399,0.084
7400,0.084
7401,0.084
7402,0.127
7403,0.127
7404,0.224
7405,0.224
7406,0.224
7407,0.224
7408,0.127
7409,0.127
7410,0.127
7411,0.127
7412,0.224
7413,0.224
7414,0.224
7415,0.224
7416,0.127
7417,0.127
7418,0.084
7419,0.084
7420,0.084
7421,0.084
7422,0.084
7423,0.084
7424,0.084
7425,0.127
7426,0.127
7427,0.224
7428,0.224
7429,0.224
7430,0.224
7431,0.127
7432,0.127
7433,0.127
7434,0.127
7435,0.224
7436,0.224
7437,0.224
7438,0.224
7439,0.127
7440,0.127
7441,0.084
7442,0.084
7443,0.084
7444,0.084
7445,0.084
7446,0.084
7447,0.084
7448,0.127
7449,0.127
7450,0.224
7451,0.224
7452,0.224
7453,0.224
7454,0.127
7455,0.127
7456,0.127
7457,0.127
7458,0.224
7459,0.224
7460,0.224
7461,0.224
7462,0.127
7463,0.127
7464,0.084
7465,0.084
7466,0.084
7467,0.084
7468,0.084
7469,0.084
7470,0.084
7471,0.084
7472,0.084
7473,0.084
7474,0.084
7475,0.084
7476,0.084
7477,0.084
7478,0.084
7479,0.084
7480,0.084
7481,0.084
7482,0.084
7483,0.084
7484,0.084
7485,0.084
7486,0.084
7487,0.084
7488,0.084
7489,0.084
7490,0.084
7491,0.084
7492,0.084
7493,0.084
7494,0.084
7495,0.084
7496,0.084
7497,0.084
7498,0.084
7499,0.084
7500,0.084
7501,0.084
7502,0.084
7503,0.084
7504,0.084
7505,0.084
7506,0.084
7507,0.084
7508,0.084
7509,0.084
7510,0.084
7511,0.084
7512,0.084
7513,0.084
7514,0.084
7515,0.084
7516,0.084
7517,0.084
7518,0.084
7519,0.084
7520,0.084
7521,0.084
7522,0.084
7523,0.127
7524,0.127
7525,0.224
7526,0.224
7527,0.224
7528,0.224
7529,0.127
7530,0.127
7531,0.127
7532,0.127
7533,0.224
7534,0.224
7535,0.224
7536,0.224
7537,0.127
7538,0.127
7539,0.084
7540,0.084
7541,0.084
7542,0.084
7543,0.084
7544,0.084
7545,0.084
7546,0.127
7547,0.127
7548,0.224
7549,0.224
7550,0.224
7551,0.224
7552,0.127
7553,0.127
7554,0.127
7555,0.127
7556,0.224
7557,0.224
7558,0.224
7559,0.224
7560,0.127
7561,0.127
7562,0.084
7563,0.084
7564,0.084
7565,0.084
7566,0.084
7567,0.084
7568,0.084
7569,0.127
7570,0.127
7571,0.224
7572,0.224
7573,0.224
7574,0.224
7575,0.127
7576,0.127
7577,0.127
7578,0.127
7579,0.224
7580,0.224
7581,0.224
7582,0.224
7583,0.127
7584,0.127
7585,0.084
7586,0.084
7587,0.084
7588,0.084
7589,0.084
7590,0.084
7591,0.084
7592,0.127
7593,0.127
7594,0.224
7595,0.224
7596,0.224
7597,0.224
7598,0.127
7599,0.127
7600,0.127
7601,0.127
7602,0.224
7603,0.224
7604,0.224
7605,0.224
7606,0.127
7607,0.127
7608,0.084
7609,0.084
7610,0.084
7611,0.084
7612,0.084
7613,0.084
7614,0.084
7615,0.127
7616,0.127
7617,0.224
7618,0.224
7619,0.224
7620,0.224
7621,0.127
7622,0.127
7623,0.127
7624,0.127
7625,0.224
7626,0.224
7627,0.224
7628,0.224
7629,0.127
7630,0.127
7631,0.084
7632,0.084
7633,0.084
7634,0.084
7635,0.084
7636,0.084
7637,0.084
7638,0.084
7639,0.084
7640,0.084
7641,0.084
7642,0.084
7643,0.084
7644,0.084
7645,0.084
7646,0.084
7647,0.084
7648,0.084
7649,0.084
7650,0.084
7651,0.084
7652,0.084
7653,0.084
7654,0.084
7655,0.084
7656,0.084
7657,0.084
7658,0.084
7659,0.084
7660,0.084
7661,0.084
7662,0.084
7663,0.084
7664,0.084
7665,0.084
7666,0.084
7667,0.084
7668,0.084
7669,0.084
7670,0.084
7671,0.084
7672,0.084
7673,0.084
7674,0.084
7675,0.084
7676,0.084
7677,0.084
7678,0.084
7679,0.084
7680,0.084
7681,0.084
7682,0.084
7683,0.084
7684,0.084
7685,0.084
7686,0.084
7687,0.084
7688,0.084
7689,0.084
7690,0.127
7691,0.127
7692,0.224
7693,0.224
7694,0.224
7695,0.224
7696,0.127
7697,0.127
7698,0.127
7699,0.127
7700,0.224
7701,0.224
7702,0.224
7703,0.224
7704,0.127
7705,0.127
7706,0.084
7707,0.084
7708,0.084
7709,0.084
7710,0.084
7711,0.084
7712,0.084
7713,0.127
7714,0.127
7715,0.224
7716,0.224
7717,0.224
7718,0.224
7719,0.127
7720,0.127
7721,0.127
7722,0.127
7723,0.224
7724,0.224
7725,0.224
7726,0.224
7727,0.127
7728,0.127
7729,0.084
7730,0.084
7731,0.084
7732,0.084
7733,0.084
7734,0.084
7735,0.084
7736,0.127
7737,0.127
7738,0.224
7739,0.224
7740,0.224
7741,0.224
7742,0.127
7743,0.127
7744,0.127
7745,0.127
7746,0.224
7747,0.224
7748,0.224
7749,0.224
7750,0.127
7751,0.127
7752,0.084
7753,0.084
7754,0.084
7755,0.084
7756,0.084
7757,0.084
7758,0.084
7759,0.127
7760,0.127
7761,0.224
7762,0.224
7763,0.224
7764,0.224
7765,0.127
7766,0.127
7767,0.127
7768,0.127
7769,0.224
7770,0.224
7771,0.224
7772,0.224
7773,0.127
7774,0.127
7775,0.084
7776,0.084
7777,0.084
7778,0.084
7779,0.084
7780,0.084
7781,0.084
7782,0.127
7783,0.127
7784,0.224
7785,0.224
7786,0.224
7787,0.224
7788,0.127
7789,0.127
7790,0.127
7791,0.127
7792,0.224
7793,0.224
7794,0.224
7795,0.224
7796,0.127
7797,0.127
7798,0.084
7799,0.084
7800,0.084
7801,0.084
7802,0.084
7803,0.084
7804,0.084
7805,0.084
7806,0.084
7807,0.084
7808,0.084
7809,0.084
7810,0.084
7811,0.084
7812,0.084
7813,0.084
7814,0.084
7815,0.084
7816,0.084
7817,0.084
7818,0.084
7819,0.084
7820,0.084
7821,0.084
7822,0.084
7823,0.084
7824,0.084
7825,0.084
7826,0.084
7827,0.084
7828,0.084
7829,0.084
7830,0.084
7831,0.084
7832,0.084
7833,0.084
7834,0.084
7835,0.084
7836,0.084
7837,0.084
7838,0.084
7839,0.084
7840,0.084
7841,0.084
7842,0.084
7843,0.084
7844,0.084
7845,0.084
7846,0.084
7847,0.084
7848,0.084
7849,0.084
7850,0.084
7851,0.084
7852,0.084
7853,0.084
7854,0.084
7855,0.084
7856,0.084
7857,0.127
7858,0.127
7859,0.224
7860,0.224
7861,0.224
7862,0.224
7863,0.127
7864,0.127
7865,0.127
7866,0.127
7867,0.224
7868,0.224
7869,0.224
7870,0.224
7871,0.127
7872,0.127
7873,0.084
7874,0.084
7875,0.084
7876,0.084
7877,0.084
7878,0.084
7879,0.084
7880,0.127
7881,0.127
7882,0.224
7883,0.224
7884,0.224
7885,0.224
7886,0.127
7887,0.127
7888,0.127
7889,0.127
7890,0.224
7891,0.224
7892,0.224
7893,0.224
7894,0.127
7895,0.127
7896,0.084
7897,0.084
7898,0.084
7899,0.084
7900,0.084
7901,0.084
7902,0.084
7903,0.127
7904,0.127
7905,0.224
7906,0.224
7907,0.224
7908,0.224
7909,0.127
7910,0.127
7911,0.127
7912,0.127
7913,0.224
7914,0.224
7915,0.224
7916,0.224
7917,0.127
7918,0.127
7919,0.084
7920,0.084
7921,0.084
7922,0.084
7923,0.084
7924,0.084
7925,0.084
7926,0.127
7927,0.127
7928,0.224
7929,0.224
7930,0.224
7931,0.224
7932,0.127
7933,0.127
7934,0.127
7935,0.127
7936,0.224
7937,0.224
7938,0.224
7939,0.224
7940,0.127
7941,0.127
7942,0.084
7943,0.084
7944,0.084
7945,0.084
7946,0.084
7947,0.084
7948,0.084
7949,0.127
7950,0.127
7951,0.224
7952,0.224
7953,0.224
7954,0.224
7955,0.127
7956,0.127
7957,0.127
7958,0.127
7959,0.224
7960,0.224
7961,0.224
7962,0.224
7963,0.127
7964,0.127
7965,0.084
7966,0.084
7967,0.084
7968,0.084
7969,0.084
7970,0.084
7971,0.084
7972,0.084
7973,0.084
7974,0.084
7975,0.084
7976,0.084
7977,0.084
7978,0.084
7979,0.084
7980,0.084
7981,0.084
7982,0.084
7983,0.084
7984,0.084
7985,0.084
7986,0.084
7987,0.084
7988,0.084
7989,0.084
7990,0.084
7991,0.084
7992,0.084
7993,0.084
7994,0.084
7995,0.084
7996,0.084
7997,0.084
7998,0.084
7999,0.084
8000,0.084
8001,0.084
8002,0.084
8003,0.084
8004,0.084
8005,0.084
8006,0.084
8007,0.084
8008,0.084
8009,0.084
8010,0.084
8011,0.084
8012,0.084
8013,0.084
8014,0.084
8015,0.084
8016,0.084
8017,0.084
8018,0.084
8019,0.084
8020,0.084
8021,0.084
8022,0.084
8023,0.084
8024,0.127
8025,0.127
8026,0.224
8027,0.224
8028,0.224
8029,0.224
8030,0.127
8031,0.127
8032,0.127
8033,0.127
8034,0.224
8035,0.224
8036,0.224
8037,0.224
8038,0.127
8039,0.127
8040,0.084
8041,0.084
8042,0.084
8043,0.084
8044,0.084
8045,0.084
8046,0.084
8047,0.127
8048,0.127
8049,0.224
8050,0.224
8051,0.224
8052,0.224
8053,0.127
8054,0.127
8055,0.127
8056,0.127
8057,0.224
8058,0.224
8059,0.224
8060,0.224
8061,0.127
8062,0.127
8063,0.084
8064,0.084
8065,0.084
8066,0.084
8067,0.084
8068,0.084
8069,0.084
8070,0.127
8071,0.127
8072,0.224
8073,0.224
8074,0.224
8075,0.224
8076,0.127
8077,0.127
8078,0.127
8079,0.127
8080,0.224
8081,0.224
8082,0.224
8083,0.224
8084,0.127
8085,0.127
8086,0.084
8087,0.084
8088,0.084
8089,0.084
8090,0.084
8091,0.084
8092,0.084
8093,0.127
8094,0.127
8095,0.224
8096,0.224
8097,0.224
8098,0.224
8099,0.127
8100,0.127
8101,0.127
8102,0.127
8103,0.224
8104,0.224
8105,0.224
8106,0.224
8107,0.127
8108,0.127
8109,0.084
8110,0.084
8111,0.084
8112,0.084
8113,0.084
8114,0.084
8115,0.084
8116,0.127
8117,0.127
8118,0.224
8119,0.224
8120,0.224
8121,0.224
8122,0.127
8123,0.127
8124,0.127
8125,0.127
8126,0.224
8127,0.224
8128,0.224
8129,0.224
8130,0.127
8131,0.127
8132,0.084
8133,0.084
8134,0.084
8135,0.084
8136,0.084
8137,0.084
8138,0.084
8139,0.084
8140,0.084
8141,0.084
8142,0.084
8143,0.084
8144,0.084
8145,0.084
8146,0.084
8147,0.084
8148,0.084
8149,0.084
8150,0.084
8151,0.084
8152,0.084
8153,0.084
8154,0.084
8155,0.084
8156,0.084
8157,0.084
8158,0.084
8159,0.084
8160,0.084
8161,0.084
8162,0.084
8163,0.084
8164,0.084
8165,0.084
8166,0.084
8167,0.084
8168,0.084
8169,0.084
8170,0.084
8171,0.084
8172,0.084
8173,0.084
8174,0.084
8175,0.084
8176,0.084
8177,0.084
8178,0.084
8179,0.084
8180,0.084
8181,0.084
8182,0.084
8183,0.084
8184,0.084
8185,0.084
8186,0.084
8187,0.084
8188,0.084
8189,0.084
8190,0.084
8191,0.127
8192,0.127
8193,0.224
8194,0.224
8195,0.224
8196,0.224
8197,0.127
8198,0.127
8199,0.127
8200,0.127
8201,0.224
8202,0.224
8203,0.224
8204,0.224
8205,0.127
8206,0.127
8207,0.084
8208,0.084
8209,0.084
8210,0.084
8211,0.084
8212,0.084
8213,0.084
8214,0.127
8215,0.127
8216,0.224
8217,0.224
8218,0.224
8219,0.224
8220,0.127
8221,0.127
8222,0.127
8223,0.127
8224,0.224
8225,0.224
8226,0.224
8227,0.224
8228,0.127
8229,0.127
8230,0.084
8231,0.084
8232,0.084
8233,0.084
8234,0.084
8235,0.084
8236,0.084
8237,0.127
8238,0.127
8239,0.224
8240,0.224
8241,0.224
8242,0.224
8243,0.127
8244,0.127
8245,0.127
8246,0.127
8247,0.224
8248,0.224
8249,0.224
8250,0.224
8251,0.127
8252,0.127
8253,0.084
8254,0.084
8255,0.084
8256,0.084
8257,0.084
8258,0.084
8259,0.084
8260,0.127
8261,0.127
8262,0.224
8263,0.224
8264,0.224
8265,0.224
8266,0.127
8267,0.127
8268,0.127
8269,0.127
8270,0.224
8271,0.224
8272,0.224
8273,0.224
8274,0.127
8275,0.127
8276,0.084
8277,0.084
8278,0.084
8279,0.084
8280,0.084
8281,0.084
8282,0.084
8283,0.127
8284,0.127
8285,0.224
8286,0.224
8287,0.224
8288,0.224
8289,0.127
8290,0.127
8291,0.127
8292,0.127
8293,0.224
8294,0.224
8295,0.224
8296,0.224
8297,0.127
8298,0.127
8299,0.084
8300,0.084
8301,0.084
8302,0.084
8303,0.084
8304,0.084
8305,0.084
8306,0.084
8307,0.084
8308,0.084
8309,0.084
8310,0.084
8311,0.084
8312,0.084
8313,0.084
8314,0.084
8315,0.084
8316,0.084
8317,0.084
8318,0.084
8319,0.084
8320,0.084
8321,0.084
8322,0.084
8323,0.084
8324,0.084
8325,0.084
8326,0.084
8327,0.084
8328,0.084
8329,0.084
8330,0.084
8331,0.084
8332,0.084
8333,0.084
8334,0.084
8335,0.084
8336,0.084
8337,0.084
8338,0.084
8339,0.084
8340,0.084
8341,0.084
8342,0.084
8343,0.084
8344,0.084
8345,0.084
8346,0.084
8347,0.084
8348,0.084
8349,0.084
8350,0.084
8351,0.084
8352,0.084
8353,0.084
8354,0.084
8355,0.084
8356,0.084
8357,0.084
8358,0.127
8359,0.127
8360,0.224
8361,0.224
8362,0.224
8363,0.224
8364,0.127
8365,0.127
8366,0.127
8367,0.127
8368,0.224
8369,0.224
8370,0.224
8371,0.224
8372,0.127
8373,0.127
8374,0.084
8375,0.084
8376,0.084
8377,0.084
8378,0.084
8379,0.084
8380,0.084
8381,0.127
8382,0.127
8383,0.224
8384,0.224
8385,0.224
8386,0.224
8387,0.127
8388,0.127
8389,0.127
8390,0.127
8391,0.224
8392,0.224
8393,0.224
8394,0.224
8395,0.127
8396,0.127
8397,0.084
8398,0.084
8399,0.084
8400,0.084
8401,0.084
8402,0.084
8403,0.084
8404,0.127
8405,0.127
8406,0.224
8407,0.224
8408,0.224
8409,0.224
8410,0.127
8411,0.127
8412,0.127
8413,0.127
8414,0.224
8415,0.224
8416,0.224
8417,0.224
8418,0.127
8419,0.127
8420,0.084
8421,0.084
8422,0.084
8423,0.084
8424,0.084
8425,0.084
8426,0.084
8427,0.127
8428,0.127
8429,0.224
8430,0.224
8431,0.224
8432,0.224
8433,0.127
8434,0.127
8435,0.127
8436,0.127
8437,0.224
8438,0.224
8439,0.224
8440,0.224
8441,0.127
8442,0.127
8443,0.084
8444,0.084
8445,0.084
8446,0.084
8447,0.084
8448,0.084
8449,0.084
8450,0.127
8451,0.127
8452,0.224
8453,0.224
8454,0.224
8455,0.224
8456,0.127
8457,0.127
8458,0.127
8459,0.127
8460,0.224
8461,0.224
8462,0.224
8463,0.224
8464,0.127
8465,0.127
8466,0.084
8467,0.084
8468,0.084
8469,0.084
8470,0.084
8471,0.084
8472,0.084
8473,0.084
8474,0.084
8475,0.084
8476,0.084
8477,0.084
8478,0.084
8479,0.084
8480,0.084
8481,0.084
8482,0.084
8483,0.084
8484,0.084
8485,0.084
8486,0.084
8487,0.084
8488,0.084
8489,0.084
8490,0.084
8491,0.084
8492,0.084
8493,0.084
8494,0.084
8495,0.084
8496,0.084
8497,0.084
8498,0.084
8499,0.084
8500,0.084
8501,0.084
8502,0.084
8503,0.084
8504,0.084
8505,0.084
8506,0.084
8507,0.084
8508,0.084
8509,0.084
8510,0.084
8511,0.084
8512,0.084
8513,0.084
8514,0.084
8515,0.084
8516,0.084
8517,0.084
8518,0.084
8519,0.084
8520,0.084
8521,0.084
8522,0.084
8523,0.084
8524,0.084
8525,0.127
8526,0.127
8527,0.224
8528,0.224
8529,0.224
8530,0.224
8531,0.127
8532,0.127
8533,0.127
8534,0.127
8535,0.224
8536,0.224
8537,0.224
8538,0.224
8539,0.127
8540,0.127
8541,0.084
8542,0.084
8543,0.084
8544,0.084
8545,0.084
8546,0.084
8547,0.084
8548,0.127
8549,0.127
8550,0.224
8551,0.224
8552,0.224
8553,0.224
8554,0.127
8555,0.127
8556,0.127
8557,0.127
8558,0.224
8559,0.224
8560,0.224
8561,0.224
8562,0.127
8563,0.127
8564,0.084
8565,0.084
8566,0.084
8567,0.084
8568,0.084
8569,0.084
8570,0.084
8571,0.127
8572,0.127
8573,0.224
8574,0.224
8575,0.224
8576,0.224
8577,0.127
8578,0.127
8579,0.127
8580,0.127
8581,0.224
8582,0.224
8583,0.224
8584,0.224
8585,0.127
8586,0.127
8587,0.084
8588,0.084
8589,0.084
8590,0.084
8591,0.084
8592,0.084
8593,0.084
8594,0.127
8595,0.127
8596,0.224
8597,0.224
8598,0.224
8599,0.224
8600,0.127
8601,0.127
8602,0.127
8603,0.127
8604,0.224
8605,0.224
8606,0.224
8607,0.224
8608,0.127
8609,0.127
8610,0.084
8611,0.084
8612,0.084
8613,0.084
8614,0.084
8615,0.084
8616,0.084
8617,0.127
8618,0.127
8619,0.224
8620,0.224
8621,0.224
8622,0.224
8623,0.127
8624,0.127
8625,0.127
8626,0.127
8627,0.224
8628,0.224
8629,0.224
8630,0.224
8631,0.127
8632,0.127
8633,0.084
8634,0.084
8635,0.084
8636,0.084
8637,0.084
8638,0.084
8639,0.084
8640,0.084
8641,0.084
8642,0.084
8643,0.084
8644,0.084
8645,0.084
8646,0.084
8647,0.084
8648,0.084
8649,0.084
8650,0.084
8651,0.084
8652,0.084
8653,0.084
8654,0.084
8655,0.084
8656,0.084
8657,0.084
8658,0.084
8659,0.084
8660,0.084
8661,0.084
8662,0.084
8663,0.084
8664,0.084
8665,0.084
8666,0.084
8667,0.084
8668,0.084
8669,0.084
8670,0.084
8671,0.084
8672,0.084
8673,0.084
8674,0.084
8675,0.084
8676,0.084
8677,0.084
8678,0.084
8679,0.084
8680,0.084
8681,0.084
8682,0.084
8683,0.084
8684,0.084
8685,0.084
8686,0.084
8687,0.084
8688,0.084
8689,0.084
8690,0.084
8691,0.084
8692,0.127
8693,0.127
8694,0.224
8695,0.224
8696,0.224
8697,0.224
8698,0.127
8699,0.127
8700,0.127
8701,0.127
8702,0.224
8703,0.224
8704,0.224
8705,0.224
8706,0.127
8707,0.127
8708,0.084
8709,0.084
8710,0.084
8711,0.084
8712,0.084
8713,0.084
8714,0.084
8715,0.127
8716,0.127
8717,0.224
8718,0.224
8719,0.224
8720,0.224
8721,0.127
8722,0.127
8723,0.127
8724,0.127
8725,0.224
8726,0.224
8727,0.224
8728,0.224
8729,0.127
8730,0.127
8731,0.084
8732,0.084
8733,0.084
8734,0.084
8735,0.084
8736,0.084
8737,0.084
8738,0.127
8739,0.127
8740,0.224
8741,0.224
8742,0.224
8743,0.224
8744,0.127
8745,0.127
8746,0.127
8747,0.127
8748,0.224
8749,0.224
8750,0.224
8751,0.224
8752,0.127
8753,0.127
8754,0.084
8755,0.084
8756,0.084
8757,0.084
8758,0.084
8759,0.084
8760,0.084
8761,0.127
